comment,emotion
"Amei demais esse vídeo, me deixou muito feliz!",alegria
"Que notícia triste, fiquei bem chateado agora.",tristeza
"Nossa, que susto! Não esperava por essa.",surpresa
"Senti um medo enorme nessa parte, afff.",medo
"Que coisa mais nojenta, credo!",desgosto
"Estou radiante de alegria com essa novidade!",alegria
"Que raiva desse personagem, insuportável!",raiva
"Uau, que reviravolta! Fiquei de boca aberta.",surpresa
"Essa cena me deu muito medo, não consigo nem olhar direito.",medo
"Que bagunça horrível, dá até desgosto de olhar.",desgosto
"Ri muito com esse vídeo, que engraçado!",alegria
"Meu coração está apertado de tanta tristeza.",tristeza
"Inacreditável o que aconteceu, fiquei surpreso demais.",surpresa
"Essa música me dá calafrios, que medo!",medo
"Que sabor horrível, não consegui nem engolir.",desgosto
"Que dia maravilhoso, estou transbordando alegria!",alegria
"Estou furioso com essa situação, que absurdo!",raiva
"Fiquei totalmente perplexo com essa revelação.",surpresa
"Essa sombra me deu um baita medo agora.",medo
"Que sujeira, dá vontade de vomitar de tanto desgosto.",desgosto
"Adorei a energia desse vídeo, me deixou super animado!",alegria
"As lágrimas não param de cair, que dor.",tristeza
"Não esperava por essa de jeito nenhum, que surpresa!",surpresa
"Essa história é de arrepiar, senti muito medo.",medo
"Que cheiro insuportável, me deu até ânsia.",desgosto
"Estou tão contente com o resultado, pura alegria!",alegria
"Que ódio, não aguento mais isso!",raiva
"Meu queixo caiu com essa notícia, fiquei surpreso.",surpresa
"Essa criatura me deu pavor, que horror!",medo
"Que aspecto repugnante, não consigo olhar.",desgosto
"Que felicidade contagiante, amei!",alegria
"Sinto um vazio enorme, que tristeza profunda.",tristeza
"Fiquei boquiaberto com essa apresentação, que surpresa!",surpresa
"Essa lenda me dá muito medo, evito pensar nela.",medo
"Que textura desagradável, me deu até calafrio.",desgosto
"Estou pulando de alegria com essa conquista!",alegria
"Que raiva, vontade de gritar!",raiva
"Fiquei besta com essa informação, totalmente surpreso.",surpresa
"Essa casa abandonada me dá arrepios, puro medo.",medo
"Que visão asquerosa, não consigo acreditar.",desgosto
"Que momento mágico, pura alegria!",alegria
"A tristeza me consome nesse momento.",tristeza
"Fiquei atônito com essa cena, que surpresa!",surpresa
"Essa barulho repentino me deu um susto enorme.",medo
"Que gosto amargo, não quero provar de novo.",desgosto
"Estou muito feliz por você, parabéns!",alegria
"Que raiva, injustiça total!",raiva
"Fiquei pasmo com essa descoberta, que surpresa!",surpresa
"Essa figura sombria me aterroriza.",medo
"Que fedor insuportável, preciso sair daqui.",desgosto
"Que dia lindo, cheio de alegria!",alegria
"A saudade aperta o coração, que tristeza.",tristeza
"Fiquei admirado com essa habilidade, que surpresa!",surpresa
"Essa sombra na janela me deixou com muito medo.",medo
"Que sensação ruim, me deu até náusea.",desgosto
"Estou explodindo de felicidade!",alegria
"Que raiva, me fizeram perder a paciência!",raiva
"Fiquei impressionado com essa performance, que surpresa!",surpresa
"Essa história de fantasma me deixa apavorado.",medo
"Que lixo, que nojo!",desgosto
"Que alegria estar aqui com vocês!",alegria
"A solidão me invade, que tristeza.",tristeza
"Fiquei chocado com essa notícia, que surpresa!",surpresa
"Essa criatura horripilante me deu pesadelos.",medo
"Que bagunça imunda, dá vontade de limpar tudo.",desgosto
"Estou nas nuvens de tanta alegria!",alegria
"Que raiva, não consigo acreditar nessa falta de respeito!",raiva
"Fiquei boquiaberto com essa paisagem, que surpresa!",surpresa
"Essa floresta escura me dá calafrios.",medo
"Que gosma nojenta, argh!",desgosto
"Que festa animada, pura alegria!",alegria
"O luto é uma dor imensa, que tristeza.",tristeza
"Fiquei embasbacado com essa obra de arte, que surpresa!",surpresa
"Essa casa velha e abandonada me dá muito medo.",medo
"Que sujeira pegajosa, que horror!",desgosto
"Estou radiante de felicidade com essa conquista!",alegria
"Que raiva, me sinto impotente!",raiva
"Fiquei estupefato com essa revelação, que surpresa!",surpresa
"Essa máscara assustadora me deu um susto.",medo
"Que ranço dessa pessoa, insuportável!",desgosto
"Que show incrível, pura alegria!",alegria
"A melancolia toma conta de mim, que tristeza.",tristeza
"Fiquei maravilhado com essa cultura, que surpresa!",surpresa
"Essa rua deserta à noite me dá muito medo.",medo
"Que líquido viscoso e nojento!",desgosto
"Estou transbordando de alegria com essa notícia!",alegria
"Que raiva, não consigo entender essa atitude!",raiva
"Fiquei abismado com essa construção, que surpresa!",surpresa
"Essa sombra se movendo me deixou apavorado.",medo
"Que comida intragável, que desgosto!",desgosto
"Que dia especial, cheio de alegria e sorrisos!",alegria
"A angústia me corrói por dentro, que tristeza.",tristeza
"Fiquei perplexo com essa coincidência, que surpresa!",surpresa
"Essa história macabra me deu calafrios na espinha.",medo
"Que cheiro forte e desagradável!",desgosto
"Estou muito feliz com a sua presença!",alegria
"Que raiva, me sinto enganado!",raiva
"Fiquei admirado com a sua inteligência, que surpresa!",surpresa
"Essa figura estranha na janela me deu muito medo.",medo
"Que textura áspera e nojenta!",desgosto
"Que momento de celebração, pura alegria!",alegria
"A saudade dos que se foram traz muita tristeza.",tristeza
"Fiquei boquiaberto com a beleza desse lugar, que surpresa!",surpresa
"Essa casa mal-assombrada me dá arrepios só de olhar.",medo
"Que aspecto decadente e repugnante!",desgosto
"Estou pulando de felicidade com essa novidade!",alegria
"Que raiva, não consigo tolerar essa falta de educação!",raiva
"Fiquei besta com essa habilidade, que surpresa!",surpresa
"Essa criatura bizarra me deixou aterrorizado.",medo
"Que ambiente sujo e asqueroso!",desgosto
"Que alegria contagiante, estou amando tudo isso!",alegria
"A dor da perda é insuportável, que tristeza.",tristeza
"Fiquei chocado com a crueldade dessa história, que surpresa!",surpresa
"Essa voz sombria me deu muito medo.",medo
"Que gosto azedo e ruim!",desgosto
"Estou radiante de alegria com esse presente!",alegria
"Que raiva, me sinto desrespeitado!",raiva
"Fiquei impressionado com a sua dedicação, que surpresa!",surpresa
"Essa figura espectral me deixou paralisado de medo.",medo
"Que fedor de coisa estragada!",desgosto
"Que dia ensolarado e alegre!",alegria
"A tristeza me abate nesse momento difícil.",tristeza
"Fiquei maravilhado com a grandiosidade desse monumento, que surpresa!",surpresa
"Essa sombra misteriosa me causa muito medo.",medo
"Que sensação pegajosa e nojenta!",desgosto
"Estou explodindo de felicidade com essa surpresa!",alegria
"Que raiva, não consigo aceitar essa injustiça!",raiva
"Fiquei estupefato com a complexidade desse mecanismo, que surpresa!",surpresa
"Essa história de terror me deu pesadelos.",medo
"Que aparência viscosa e repugnante!",desgosto
"Que festa divertida e alegre!",alegria
"A melancolia me envolve nesse final de tarde.",tristeza
"Fiquei embasbacado com a precisão desse trabalho, que surpresa!",surpresa
"Essa casa abandonada no alto da colina me dá calafrios.",medo
"Que cheiro rançoso e desagradável!",desgosto
"Estou nas nuvens de tanta alegria com essa notícia!",alegria
"Que raiva, não consigo acreditar nessa traição!",raiva
"Fiquei abismado com a beleza dessa dança, que surpresa!",surpresa
"Essa figura alta e escura me deixou apavorado.",medo
"Que gosto amargo e persistente!",desgosto
"Que momento especial e alegre!",alegria
"A saudade dos bons tempos traz muita tristeza.",tristeza
"Fiquei perplexo com a inteligência artificial, que surpresa!",surpresa
"Essa lenda antiga me causa muito medo.",medo
"Que textura grudenta e nojenta!",desgosto
"Estou transbordando de alegria com essa conquista!",alegria
"Que raiva, me sinto frustrado!",raiva
"Fiquei admirado com a sua resiliência, que surpresa!",surpresa
"Essa sombra na parede se movendo me deu um susto.",medo
"Que fedor insuportável de esgoto!",desgosto
"Que dia radiante e cheio de alegria!",alegria
"A angústia me consome nesse período incerto.",tristeza
"Fiquei boquiaberto com a inovação desse projeto, que surpresa!",surpresa
"Essa floresta densa e escura me dá arrepios.",medo
"Que gosma verde e nojenta!",desgosto
"Estou muito feliz por fazer parte disso!",alegria
"Que raiva, não consigo tolerar essa arrogância!",raiva
"Fiquei chocado com a reviravolta desse filme, que surpresa!",surpresa
"Essa voz sussurrando no escuro me deu muito medo.",medo
"Que lixo acumulado, que horror!",desgosto
"Que alegria estar celebrando com vocês!",alegria
"A dor da perda é um buraco no peito, que tristeza.",tristeza
"Fiquei maravilhado com a complexidade desse sistema, que surpresa!",surpresa
"Essa casa antiga e isolada me dá calafrios só de imaginar.",medo
"Que sujeira incrustada e repugnante!",desgosto
"Estou pulando de felicidade com essa oportunidade!",alegria
"Que raiva, me sinto impotente diante disso!",raiva
"Fiquei embasbacado com a sua criatividade, que surpresa!",surpresa
"Essa criatura com olhos vermelhos me deixou aterrorizado.",medo
"Que ambiente insalubre e asqueroso!",desgosto
"Que festa animada e cheia de alegria!",alegria
"O luto é uma jornada difícil, cheia de tristeza.",tristeza
"Fiquei estupefato com a precisão desse mecanismo, que surpresa!",surpresa
"Essa rua mal iluminada à noite me dá muito medo.",medo
"Que líquido turvo e nojento!",desgosto
"Estou radiante de felicidade com essa notícia inesperada!",alegria
"Que raiva, não consigo entender essa falta de consideração!",raiva
"Fiquei abismado com a grandiosidade dessa estrutura, que surpresa!",surpresa
"Essa sombra alongada se movendo lentamente me deixou apavorado.",medo
"Que comida estragada e intragável!",desgosto
"Que dia maravilhoso e cheio de alegria!",alegria
"A tristeza me invade nesse momento de despedida.",tristeza
"Fiquei perplexo com a velocidade dessa transformação, que surpresa!",surpresa
"Essa história sombria me deu calafrios na espinha.",medo
"Que cheiro de mofo e desagradável!",desgosto
"Estou muito feliz por ter vocês aqui!",alegria
"Que raiva, me sinto injustiçado!",raiva
"Fiquei admirado com a sua eloquência, que surpresa!",surpresa
"Essa figura fantasmagórica na janela me deu muito medo.",medo
"Que textura pegajosa e nojenta!",desgosto
"Que momento de pura alegria e celebração!",alegria
"A saudade dos amigos traz muita tristeza.",tristeza
"Fiquei boquiaberto com a beleza natural desse lugar, que surpresa!",surpresa
"Essa casa abandonada na floresta me dá arrepios só de pensar.",medo
"Que aspecto decadente e repugnante!",desgosto
"Estou pulando de felicidade com essa conquista merecida!",alegria
"Que raiva, não consigo tolerar essa hipocrisia!",raiva
"Fiquei besta com a sua habilidade manual, que surpresa!",surpresa
"Essa criatura disforme me deixou aterrorizado.",medo
"Que ambiente sujo e asqueroso!",desgosto
"Que alegria contagiante, estou amando cada segundo!",alegria
"A dor da perda é um vazio inexplicável, que tristeza.",tristeza
"Fiquei chocado com a complexidade desse enigma, que surpresa!",surpresa
"Essa voz rouca e misteriosa me deu muito medo.",medo
"Que lixo espalhado, que nojo!",desgosto
"Que alegria estar compartilhando esse momento com vocês!",alegria
"A melancolia toma conta de mim nessa noite fria.",tristeza
"Fiquei maravilhado com a riqueza cultural desse lugar, que surpresa!",surpresa
"Essa rua escura e silenciosa à noite me dá muito medo.",medo
"Que líquido viscoso e repugnante!",desgosto
"Estou transbordando de alegria com essa notícia fantástica!",alegria
"Que raiva, não consigo entender essa falta de profissionalismo!",raiva
"Fiquei abismado com a precisão desse instrumento, que surpresa!",surpresa
"Essa sombra dançando na parede me deixou apavorado.",medo
"Que comida azeda e intragável!",desgosto
"Que dia especial e cheio de felicidade!",alegria
"A angústia me corrói nesse período de espera.",tristeza
"Fiquei perplexo com a sutileza dessa arte, que surpresa!",surpresa
"Essa história macabra me deu calafrios na espinha.",medo
"Que cheiro de queimado e desagradável!",desgosto
"Estou muito feliz por fazer parte dessa equipe!",alegria
"Que raiva, me sinto desamparado!",raiva
"Fiquei admirado com a sua capacidade de superação, que surpresa!",surpresa
"Essa figura sombria no canto do quarto me deu muito medo.",medo
"Que textura arenosa e nojenta!",desgosto
"Que momento de pura alegria e celebração!",alegria
"A saudade dos entes queridos traz muita tristeza.",tristeza
"Fiquei boquiaberto com a magnitude dessa construção, que surpresa!",surpresa
"Essa casa velha e abandonada no meio do nada me dá arrepios.",medo
"Que aspecto decadente e repugnante!",desgosto
"Estou pulando de felicidade com essa oportunidade única!",alegria
"Que raiva, não consigo tolerar essa ignorância!",raiva
"Fiquei besta com a sua inteligência afiada, que surpresa!",surpresa
"Essa criatura horripilante se aproximando me deixou aterrorizado.",medo
"Que ambiente insalubre e asqueroso!",desgosto
"Que alegria contagiante, estou amando cada instante!",alegria
"A dor da perda é uma ferida que não cicatriza, que tristeza.",tristeza
"Fiquei chocado com a reviravolta inesperada, que surpresa!",surpresa
"Essa voz fria e distante me deu muito medo.",medo
"Que lixo jogado por toda parte, que nojo!",desgosto
"Que alegria estar reunido com todos vocês!",alegria
"A melancolia me envolve nessa noite chuvosa.",tristeza
"Fiquei maravilhado com a beleza da natureza, que surpresa!",surpresa
"Essa rua escura e deserta no final da noite me dá muito medo.",medo
"Que líquido viscoso e repugnante!",desgosto
"Estou transbordando de alegria com essa notícia maravilhosa!",alegria
"Que vídeo incrível, adorei cada segundo!","alegria"
"Não acredito que isso aconteceu, que tristeza...","tristeza"
"Meu Deus, que susto, quase caí da cadeira!","medo"
"Que nojo, como alguém pode fazer isso?","desgosto"
"Estou tão animado com esse lançamento, mal posso esperar!","alegria"
"Que raiva, esse cara é insuportável!","raiva"
"Nossa, nunca imaginei que isso fosse possível!","surpresa"
"Que decepção, esperava muito mais desse vídeo.","tristeza"
"Que energia boa, esse vídeo me deixou tão feliz!","alegria"
"Que medo, não consigo nem assistir até o final.","medo"
"Que absurdo, isso é inaceitável!","raiva"
"Que coisa nojenta, nunca mais vejo isso.","desgosto"
"Uau, que reviravolta inesperada!","surpresa"
"Que vídeo maravilhoso, me emocionou muito!","alegria"
"Que vontade de chorar vendo isso...","tristeza"
"Que raiva, sempre a mesma coisa!","raiva"
"Que surpresa boa, não esperava por isso!","surpresa"
"Que horror, isso é muito perturbador.","medo"
"Que coisa repugnante, me deu ânsia.","desgosto"
"Que alegria, esse vídeo fez meu dia!","alegria"
"Que tristeza, esse assunto me deixa pra baixo.","tristeza"
"Que ódio, não suporto esse tipo de gente!","raiva"
"Que susto, meu coração disparou!","medo"
"Que nojo, isso é intragável.","desgosto"
"Nossa, que surpresa, nunca imaginei isso!","surpresa"
"Que felicidade, esse vídeo é perfeito!","alegria"
"Que decepção, achei que seria melhor.","tristeza"
"Que raiva, isso é uma palhaçada!","raiva"
"Que medo, não vou dormir hoje à noite.","medo"
"Que vídeo fantástico, estou apaixonado!","alegria"
"Que tristeza ver isso acontecendo...","tristeza"
"Que nojo, isso é simplesmente horrível.","desgosto"
"Que susto, quase derrubei o celular!","medo"
"Que surpresa, isso foi totalmente inesperado!","surpresa"
"Que ódio, isso me tira do sério!","raiva"
"Que alegria, esse vídeo é muito bom!","alegria"
"Que tristeza, me partiu o coração.","tristeza"
"Que coisa nojenta, que vontade de vomitar.","desgosto"
"Que medo, isso é assustador demais!","medo"
"Que raiva, não aguento mais isso!","raiva"
"Que surpresa, isso mudou tudo!","surpresa"
"Que vídeo incrível, me deixou muito feliz!","alegria"
"Que decepção, esperava algo diferente.","tristeza"
"Que nojo, isso é repulsivo!","desgosto"
"Que susto, meu Deus, que horror!","medo"
"Que raiva, isso é uma vergonha!","raiva"
"Que surpresa boa, adorei saber disso!","surpresa"
"Que alegria, esse vídeo é sensacional!","alegria"
"Que tristeza, não consigo parar de chorar.","tristeza"
"Que coisa nojenta, que horror!","desgosto"
"Que medo, isso é muito assustador!","medo"
"Que ódio, isso é revoltante!","raiva"
"Que surpresa, não acredito que vi isso!","surpresa"
"Que felicidade, esse vídeo é tudo!","alegria"
"Que decepção, que perda de tempo.","tristeza"
"Que nojo, isso é nojento demais!","desgosto"
"Que susto, quase tive um ataque!","medo"
"Que raiva, isso é inadmissível!","raiva"
"Que surpresa, isso foi épico!","surpresa"
"Que vídeo maravilhoso, adorei!","alegria"
"Que tristeza, isso é de cortar o coração.","tristeza"
"Que coisa repugnante, que nojo!","desgosto"
"Que medo, isso me deu arrepios!","medo"
"Que ódio, isso me deixa furioso!","raiva"
"Que surpresa, nunca esperava por isso!","surpresa"
"Que alegria, esse vídeo é incrível!","alegria"
"Que decepção, que vídeo ruim.","tristeza"
"Que nojo, isso é asqueroso!","desgosto"
"Que susto, meu coração parou!","medo"
"Que raiva, isso é um absurdo!","raiva"
"Que surpresa, isso foi inesperado!","surpresa"
"Que felicidade, esse vídeo é top!","alegria"
"Que tristeza, isso me deixou mal.","tristeza"
"Que coisa nojenta, que horror!","desgosto"
"Que medo, isso é aterrorizante!","medo"
"Que ódio, não suporto isso!","raiva"
"Que surpresa, que reviravolta!","surpresa"
"Que vídeo fantástico, me inspirou!","alegria"
"Que decepção, não gostei nada.","tristeza"
"Que nojo, isso é repugnante!","desgosto"
"Que susto, quase morri de medo!","medo"
"Que raiva, isso é uma palhaçada!","raiva"
"Que surpresa, isso foi incrível!","surpresa"
"Que alegria, esse vídeo é perfeito!","alegria"
"Que tristeza, isso é muito triste.","tristeza"
"Que coisa nojenta, que nojo!","desgosto"
"Que medo, isso é assustador!","medo"
"Que ódio, isso é revoltante!","raiva"
"Que surpresa, não esperava por isso!","surpresa"
"Que felicidade, adorei o vídeo!","alegria"
"Que decepção, que vídeo fraco.","tristeza"
"Que nojo, isso é intragável!","desgosto"
"Que susto, meu Deus, que medo!","medo"
"Que raiva, isso é inaceitável!","raiva"
"Que surpresa, isso foi demais!","surpresa"
"Que vídeo incrível, estou muito feliz!","alegria"
"Que tristeza, isso me abalou.","tristeza"
"Que coisa repugnante, que horror!","desgosto"
"Que medo, isso é de arrepiar!","medo"
"Que ódio, isso me deixa louco!","raiva"
"Que surpresa, que momento épico!","surpresa"
"Que alegria, esse vídeo é sensacional!","alegria"
"Que decepção, esperava mais.","tristeza"
"Que nojo, isso é nojento!","desgosto"
"Que susto, quase caí da cadeira!","medo"
"Que raiva, isso é uma vergonha!","raiva"
"Que surpresa, isso foi inesperado!","surpresa"
"Que felicidade, esse vídeo é incrível!","alegria"
"Que tristeza, isso é de partir o coração.","tristeza"
"Que coisa nojenta, que nojo!","desgosto"
"Que medo, isso é aterrorizante!","medo"
"Que ódio, isso é inadmissível!","raiva"
"Que surpresa, que reviravolta!","surpresa"
"Que vídeo maravilhoso, adorei!","alegria"
"Que decepção, que vídeo ruim.","tristeza"
"Que nojo, isso é repulsivo!","desgosto"
"Que susto, meu coração disparou!","medo"
"Que raiva, isso é um absurdo!","raiva"
"Que surpresa, isso foi épico!","surpresa"
"Que alegria, esse vídeo é top!","alegria"
"Que tristeza, isso me deixou pra baixo.","tristeza"
"Que coisa nojenta, que horror!","desgosto"
"Que medo, isso me deu arrepios!","medo"
"Que ódio, isso é revoltante!","raiva"
"Que surpresa, não acredito que vi isso!","surpresa"
"Que felicidade, esse vídeo é perfeito!","alegria"
"Que decepção, não gostei nada.","tristeza"
"Que nojo, isso é asqueroso!","desgosto"
"Que susto, quase tive um ataque!","medo"
"Que raiva, isso é inaceitável!","raiva"
"Que surpresa, isso foi demais!","surpresa"
"Que vídeo incrível, me deixou feliz!","alegria"
"Que tristeza, isso é muito triste.","tristeza"
"Que coisa repugnante, que nojo!","desgosto"
"Que medo, isso é assustador!","medo"
"Que ódio, isso me tira do sério!","raiva"
"Que surpresa, que momento incrível!","surpresa"
"Que alegria, esse vídeo é sensacional!","alegria"
"Que decepção, que perda de tempo.","tristeza"
"Que nojo, isso é nojento demais!","desgosto"
"Que susto, meu Deus, que horror!","medo"
"Que raiva, isso é uma palhaçada!","raiva"
"Que surpresa, isso foi inesperado!","surpresa"
"Que felicidade, adorei o vídeo!","alegria"
"Que tristeza, isso me abalou.","tristeza"
"Que coisa nojenta, que nojo!","desgosto"
"Que medo, isso é de arrepiar!","medo"
"Que ódio, isso é revoltante!","raiva"
"Que surpresa, isso foi épico!","surpresa"
"Que vídeo maravilhoso, estou apaixonado!","alegria"
"Que decepção, esperava algo melhor.","tristeza"
"Que nojo, isso é repugnante!","desgosto"
"Que susto, quase derrubei o celular!","medo"
"Que raiva, isso é inadmissível!","raiva"
"Que surpresa, isso mudou tudo!","surpresa"
"Que alegria, esse vídeo é incrível!","alegria"
"Que tristeza, isso é de cortar o coração.","tristeza"
"Que coisa nojenta, que horror!","desgosto"
"Que medo, isso é aterrorizante!","medo"
"Que ódio, isso me deixa furioso!","raiva"
"Que surpresa, não esperava por isso!","surpresa"
"Que felicidade, esse vídeo é top!","alegria"
"Que decepção, que vídeo fraco.","tristeza"
"Que nojo, isso é asqueroso!","desgosto"
"Que susto, meu coração parou!","medo"
"Que raiva, isso é uma vergonha!","raiva"
"Que surpresa, isso foi demais!","surpresa"
"Que vídeo fantástico, me inspirou!","alegria"
"Que tristeza, isso me deixou mal.","tristeza"
"Que coisa repugnante, que nojo!","desgosto"
"Que medo, isso me deu arrepios!","medo"
"Que ódio, isso é revoltante!","raiva"
"Que surpresa, que reviravolta!","surpresa"
"Que alegria, esse vídeo é perfeito!","alegria"
"Que decepção, não gostei nada.","tristeza"
"Que nojo, isso é nojento!","desgosto"
"Que susto, quase caí da cadeira!","medo"
"Que raiva, isso é inaceitável!","raiva"
"Que surpresa, isso foi épico!","surpresa"
"Que felicidade, esse vídeo é sensacional!","alegria"
"Que tristeza, isso é muito triste.","tristeza"
"Que coisa nojenta, que horror!","desgosto"
"Que medo, isso é assustador!","medo"
"Que ódio, isso me tira do sério!","raiva"
"Que surpresa, não acredito que vi isso!","surpresa"
"Que vídeo incrível, adorei!","alegria"
"Que decepção, que perda de tempo.","tristeza"
"Que nojo, isso é repulsivo!","desgosto"
"Que susto, meu Deus, que medo!","medo"
"Que raiva, isso é uma palhaçada!","raiva"
"Que surpresa, isso foi inesperado!","surpresa"
"Que alegria, esse vídeo é top!","alegria"
"Que tristeza, isso me abalou.","tristeza"
"Que coisa nojenta, que nojo!","desgosto"
"Que medo, isso é de arrepiar!","medo"
"Que ódio, isso é revoltante!","raiva"
"Que surpresa, que momento épico!","surpresa"
"Que felicidade, esse vídeo é incrível!","alegria"
"Que decepção, esperava mais.","tristeza"
"Que nojo, isso é asqueroso!","desgosto"
"Que susto, quase tive um ataque!","medo"
"Que raiva, isso é inadmissível!","raiva"
"Que surpresa, isso foi demais!","surpresa"
"Que vídeo maravilhoso, me deixou feliz!","alegria"
"Que tristeza, isso é de partir o coração.","tristeza"
"Que coisa repugnante, que horror!","desgosto"
"Que medo, isso é aterrorizante!","medo"
"Que ódio, isso me deixa louco!","raiva"
"Que surpresa, que reviravolta!","surpresa"
"Que alegria, esse vídeo é sensacional!","alegria"
"Que decepção, que vídeo ruim.","tristeza"
"Que nojo, isso é nojento!","desgosto"
"Que susto, meu coração disparou!","medo"
"Que raiva, isso é uma vergonha!","raiva"
"Que surpresa, isso foi épico!","surpresa"
"Que felicidade, esse vídeo é perfeito!","alegria"
"Que tristeza, isso me deixou pra baixo.","tristeza"
"Que coisa nojenta, que nojo!","desgosto"
"Que medo, isso me deu arrepios!","medo"
"Que ódio, isso é revoltante!","raiva"
"Que surpresa, não esperava por isso!","surpresa"
"Que vídeo incrível, adorei!","alegria"
"Que decepção, não gostei nada.","tristeza"
"Que nojo, isso é repulsivo!","desgosto"
"Que susto, quase derrubei o celular!","medo"
"Que raiva, isso é inaceitável!","raiva"
"Que surpresa, isso mudou tudo!","surpresa"
"Que alegria, esse vídeo é top!","alegria"
"Que tristeza, isso é muito triste.","tristeza"
"Que coisa nojenta, que horror!","desgosto"
"Que medo, isso é assustador!","medo"
"Que ódio, isso me tira do sério!","raiva"
"Que surpresa, que momento incrível!","surpresa"
"Que felicidade, esse vídeo é sensacional!","alegria"
"Que decepção, que perda de tempo.","tristeza"
"Que nojo, isso é asqueroso!","desgosto"
"Que susto, meu Deus, que medo!","medo"
"Que raiva, isso é uma palhaçada!","raiva"
"Que surpresa, isso foi inesperado!","surpresa"
"Que vídeo maravilhoso, me inspirou!","alegria"
"Que tristeza, isso me abalou.","tristeza"
"Que coisa repugnante, que nojo!","desgosto"
"Que medo, isso é de arrepiar!","medo"
"Que ódio, isso é revoltante!","raiva"
"Que surpresa, que reviravolta!","surpresa"
"Que alegria, esse vídeo é perfeito!","alegria"
"Que decepção, esperava algo melhor.","tristeza"
"Que nojo, isso é nojento!","desgosto"
"Que susto, quase caí da cadeira!","medo"
"Que raiva, isso é inadmissível!","raiva"
"Que surpresa, isso foi épico!","surpresa"
"Que felicidade, esse vídeo é incrível!","alegria"
"Que tristeza, isso é de cortar o coração.","tristeza"
"Que coisa nojenta, que horror!","desgosto"
"Que medo, isso é aterrorizante!","medo"
"Que ódio, isso me deixa furioso!","raiva"
"Que surpresa, não acredito que vi isso!","surpresa"
"Que vídeo incrível, adorei!","alegria"
"Que decepção, que vídeo fraco.","tristeza"
"Que nojo, isso é repulsivo!","desgosto"
"Que susto, meu coração parou!","medo"
"Que raiva, isso é uma vergonha!","raiva"
"Que surpresa, isso foi demais!","surpresa"
"Que alegria, esse vídeo é top!","alegria"
"Que tristeza, isso me deixou mal.","tristeza"
"Que coisa nojenta, que nojo!","desgosto"
"Que medo, isso me deu arrepios!","medo"
"Que ódio, isso é revoltante!","raiva"
"Que surpresa, que momento épico!","surpresa"
"Que felicidade, esse vídeo é sensacional!","alegria"
"Que decepção, não gostei nada.","tristeza"
"Que nojo, isso é asqueroso!","desgosto"
"Que susto, quase tive um ataque!","medo"
"Que raiva, isso é inaceitável!","raiva"
"Que surpresa, isso foi inesperado!","surpresa"
"Que vídeo maravilhoso, me deixou feliz!","alegria"
"Que tristeza, isso é muito triste.","tristeza"
"Que coisa repugnante, que horror!","desgosto"
"Que medo, isso é assustador!","medo"
"Que ódio, isso me tira do sério!","raiva"
"Que surpresa, que reviravolta!","surpresa"
"Que alegria, esse vídeo é perfeito!","alegria"
"Que decepção, que perda de tempo.","tristeza"
"Que nojo, isso é nojento!","desgosto"
"Que susto, meu Deus, que medo!","medo"
"Que raiva, isso é uma palhaçada!","raiva"
"Que surpresa, isso foi épico!","surpresa"
"Que felicidade, esse vídeo é incrível!","alegria"
"Que tristeza, isso me abalou.","tristeza"
"Que coisa nojenta, que nojo!","desgosto"
"Que medo, isso é de arrepiar!","medo"
"Que ódio, isso é revoltante!","raiva"
"Que surpresa, que momento incrível!","surpresa"
"Que vídeo incrível, adorei!","alegria"
"Que decepção, esperava mais.","tristeza"
"Que nojo, isso é repulsivo!","desgosto"
"Que susto, quase derrubei o celular!","medo"
"Que raiva, isso é inadmissível!","raiva"
"Que surpresa, isso mudou tudo!","surpresa"
"Que alegria, esse vídeo é top!","alegria"
"Que tristeza, isso é de cortar o coração.","tristeza"
"Que coisa nojenta, que horror!","desgosto"
"Que medo, isso é aterrorizante!","medo"
"Que ódio, isso me deixa furioso!","raiva"
"Que surpresa, não esperava por isso!","surpresa"
"Que felicidade, esse vídeo é sensacional!","alegria"
"Que decepção, que vídeo ruim.","tristeza"
"Que nojo, isso é asqueroso!","desgosto"
"Que susto, meu coração disparou!","medo"
"Que raiva, isso é uma vergonha!","raiva"
"Que surpresa, isso foi demais!","surpresa"
"Que vídeo maravilhoso, me inspirou!","alegria"
"Que tristeza, isso me deixou pra baixo.","tristeza"
"Que coisa repugnante, que nojo!","desgosto"
"Que medo, isso me deu arrepios!","medo"
"Que ódio, isso é revoltante!","raiva"
"Que surpresa, que reviravolta!","surpresa"
"Que alegria, esse vídeo é perfeito!","alegria"
"Que decepção, não gostei nada.","tristeza"
"Que nojo, isso é nojento!","desgosto"
"Que susto, quase caí da cadeira!","medo"
"Que raiva, isso é inaceitável!","raiva"
"Que surpresa, isso foi épico!","surpresa"
"Que felicidade, esse vídeo é incrível!","alegria"
"Que tristeza, isso é muito triste.","tristeza"
"Que coisa nojenta, que horror!","desgosto"
"Que medo, isso é assustador!","medo"
"Que ódio, isso me tira do sério!","raiva"
"Que surpresa, não acredito que vi isso!","surpresa"
"Que vídeo incrível, adorei!","alegria"
"Que decepção, que perda de tempo.","tristeza"
"Que nojo, isso é repulsivo!","desgosto"
"Que susto, meu Deus, que medo!","medo"
"Que raiva, isso é uma palhaçada!","raiva"
"Que surpresa, isso foi inesperado!","surpresa"
"Que alegria, esse vídeo é top!","alegria"
"Que tristeza, isso me abalou.","tristeza"
"Que coisa nojenta, que nojo!","desgosto"
"Que medo, isso é de arrepiar!","medo"
"Que ódio, isso é revoltante!","raiva"
"Que surpresa, que momento épico!","surpresa"
"Que felicidade, esse vídeo é sensacional!","alegria"
"Que decepção, esperava algo melhor.","tristeza"
"Que nojo, isso é asqueroso!","desgosto"
"Que susto, quase tive um ataque!","medo"
"Que raiva, isso é inadmissível!","raiva"
"Que surpresa, isso foi demais!","surpresa"
"Que vídeo maravilhoso, me deixou feliz!","alegria"
"Que tristeza, isso é de cortar o coração.","tristeza"
"Que coisa repugnante, que horror!","desgosto"
"Que medo, isso é aterrorizante!","medo"
"Que ódio, isso me deixa louco!","raiva"
"Que surpresa, que reviravolta!","surpresa"
"Que alegria, esse vídeo é perfeito!","alegria"
"Que decepção, que vídeo fraco.","tristeza"
"Que nojo, isso é nojento!","desgosto"
"Que susto, meu coração parou!","medo"
"Que raiva, isso é uma vergonha!","raiva"
"Que surpresa, isso foi épico!","surpresa"
"Que felicidade, esse vídeo é incrível!","alegria"
"Que tristeza, isso me deixou mal.","tristeza"
"Que coisa nojenta, que nojo!","desgosto"
"Que medo, isso me deu arrepios!","medo"
"Que ódio, isso é revoltante!","raiva"
"Que surpresa, não esperava por isso!","surpresa"
"Que vídeo incrível, adorei!","alegria"
"Que decepção, não gostei nada.","tristeza"
"Que nojo, isso é repulsivo!","desgosto"
"Que susto, quase derrubei o celular!","medo"
"Que raiva, isso é inaceitável!","raiva"
"Que surpresa, isso mudou tudo!","surpresa"
"Que alegria, esse vídeo é top!","alegria"
"Que tristeza, isso é muito triste.","tristeza"
"Que coisa nojenta, que horror!","desgosto"
"Que medo, isso é assustador!","medo"
"Que ódio, isso me tira do sério!","raiva"
"Que surpresa, que momento incrível!","surpresa"
"Que felicidade, esse vídeo é sensacional!","alegria"
"Que decepção, que perda de tempo.","tristeza"
"Que nojo, isso é asqueroso!","desgosto"
"Que susto, meu Deus, que medo!","medo"
"Que raiva, isso é uma palhaçada!","raiva"
"Que surpresa, isso foi inesperado!","surpresa"
"Que vídeo maravilhoso, me inspirou!","alegria"
"Que tristeza, isso me abalou.","tristeza"
"Que coisa repugnante, que nojo!","desgosto"
"Que medo, isso é de arrepiar!","medo"
"Que ódio, isso é revoltante!","raiva"
"Que surpresa, que reviravolta!","surpresa"
"Que alegria, esse vídeo é perfeito!","alegria"
"Que decepção, esperava mais.","tristeza"
"Que nojo, isso é nojento!","desgosto"
"Que susto, quase caí da cadeira!","medo"
"Que raiva, isso é inadmissível!","raiva"
"Que surpresa, isso foi épico!","surpresa"
"Que felicidade, esse vídeo é incrível!","alegria"
"Que tristeza, isso é de cortar o coração.","tristeza"
"Que coisa nojenta, que horror!","desgosto"
"Que medo, isso é aterrorizante!","medo"
"Que ódio, isso me deixa furioso!","raiva"
"Que surpresa, não acredito que vi isso!","surpresa"
"Que vídeo incrível, adorei!","alegria"
"Que decepção, que vídeo ruim.","tristeza"
"Que nojo, isso é repulsivo!","desgosto"
"Que susto, meu coração disparou!","medo"
"Que raiva, isso é uma vergonha!","raiva"
"Que surpresa, isso foi demais!","surpresa"
"Que alegria, esse vídeo é top!","alegria"
"Que tristeza, isso me deixou pra baixo.","tristeza"
"Que coisa nojenta, que nojo!","desgosto"
"Que medo, isso me deu arrepios!","medo"
"Que ódio, isso é revoltante!","raiva"
"Que surpresa, que momento épico!","surpresa"
"Que felicidade, esse vídeo é sensacional!","alegria"
"Que decepção, não gostei nada.","tristeza"
"Que nojo, isso é asqueroso!","desgosto"
"Que susto, quase tive um ataque!","medo"
"Que raiva, isso é inaceitável!","raiva"
"Que surpresa, isso foi inesperado!","surpresa"
"Que vídeo maravilhoso, me deixou feliz!","alegria"
"Que tristeza, isso é muito triste.","tristeza"
"Que coisa repugnante, que horror!","desgosto"
"Que medo, isso é assustador!","medo"
"Que ódio, isso me tira do sério!","raiva"
"Que surpresa, que reviravolta!","surpresa"
"Que alegria, esse vídeo é perfeito!","alegria"
"Que decepção, que perda de tempo.","tristeza"
"Que nojo, isso é nojento!","desgosto"
"Que susto, meu Deus, que medo!","medo"
"Que raiva, isso é uma palhaçada!","raiva"
"Que surpresa, isso foi épico!","surpresa"
"Que felicidade, esse vídeo é incrível!","alegria"
"Que tristeza, isso me abalou.","tristeza"
"Que coisa nojenta, que nojo!","desgosto"
"Que medo, isso é de arrepiar!","medo"
"Que ódio, isso é revoltante!","raiva"
"Que surpresa, que momento incrível!","surpresa"
"Que vídeo incrível, adorei!","alegria"
"Que decepção, esperava algo melhor.","tristeza"
"Que nojo, isso é repulsivo!","desgosto"
"Que susto, quase derrubei o celular!","medo"
"Que raiva, isso é inadmissível!","raiva"
"Que surpresa, isso mudou tudo!","surpresa"
"Que alegria, esse vídeo é top!","alegria"
"Que tristeza, isso é de cortar o coração.","tristeza"
"Que coisa nojenta, que horror!","desgosto"
"Que medo, isso é aterrorizante!","medo"
"Que ódio, isso me deixa furioso!","raiva"
"Que surpresa, não esperava por isso!","surpresa"
"Que felicidade, esse vídeo é sensacional!","alegria"
"Que decepção, que vídeo fraco.","tristeza"
"Que nojo, isso é asqueroso!","desgosto"
"Que susto, meu coração parou!","medo"
"Que raiva, isso é uma vergonha!","raiva"
"Que surpresa, isso foi demais!","surpresa"
"Que vídeo maravilhoso, me inspirou!","alegria"
"Que tristeza, isso me deixou mal.","tristeza"
"Que coisa repugnante, que nojo!","desgosto"
"Que medo, isso me deu arrepios!","medo"
"Que ódio, isso é revoltante!","raiva"
"Que surpresa, que reviravolta!","surpresa"
"Que alegria, esse vídeo é perfeito!","alegria"
"Que decepção, não gostei nada.","tristeza"
"Que nojo, isso é nojento!","desgosto"
"Que susto, quase caí da cadeira!","medo"
"Que raiva, isso é inaceitável!","raiva"
"Que surpresa, isso foi épico!","surpresa"
"Que felicidade, esse vídeo é incrível!","alegria"
"Que tristeza, isso é muito triste.","tristeza"
"Que coisa nojenta, que horror!","desgosto"
"Que medo, isso é assustador!","medo"
"Que ódio, isso me tira do sério!","raiva"
"Que surpresa, não acredito que vi isso!","surpresa"
"Que vídeo incrível, adorei!","alegria"
"Que decepção, que perda de tempo.","tristeza"
"Que nojo, isso é repulsivo!","desgosto"
"Que susto, meu Deus, que medo!","medo"
"Que raiva, isso é uma palhaçada!","raiva"
"Que surpresa, isso foi inesperado!","surpresa"
"Que alegria, esse vídeo é top!","alegria"
"Que tristeza, isso me abalou.","tristeza"
"Que coisa nojenta, que nojo!","desgosto"
"Que medo, isso é de arrepiar!","medo"
"Que ódio, isso é revoltante!","raiva"
"Que surpresa, que momento épico!","surpresa"
"Que felicidade, esse vídeo é sensacional!","alegria"
"Que decepção, esperava mais.","tristeza"
"Que nojo, isso é asqueroso!","desgosto"
"Que susto, quase tive um ataque!","medo"
"Que raiva, isso é inadmissível!","raiva"
"Que surpresa, isso foi demais!","surpresa"
"Que vídeo maravilhoso, me deixou feliz!","alegria"
"Que tristeza, isso é de cortar o coração.","tristeza"
"Que coisa repugnante, que horror!","desgosto"
"Que medo, isso é aterrorizante!","medo"
"Que ódio, isso me deixa louco!","raiva"
"Que surpresa, que reviravolta!","surpresa"
"Que alegria, esse vídeo é perfeito!","alegria"
"Que decepção, que vídeo ruim.","tristeza"
"Que nojo, isso é nojento!","desgosto"
"Que susto, meu coração disparou!","medo"
"Que raiva, isso é uma vergonha!","raiva"
"Que surpresa, isso foi épico!","surpresa"
"Que felicidade, esse vídeo é incrível!","alegria"
"Que tristeza, isso me deixou pra baixo.","tristeza"
"Que coisa nojenta, que nojo!","desgosto"
"Que medo, isso me deu arrepios!","medo"
"Que ódio, isso é revoltante!","raiva"
"Que surpresa, não esperava por isso!","surpresa"
"Que vídeo incrível, adorei!","alegria"
"Que decepção, não gostei nada.","tristeza"
"Que nojo, isso é repulsivo!","desgosto"
"Que susto, quase derrubei o celular!","medo"
"Que raiva, isso é inaceitável!","raiva"
"Que surpresa, isso mudou tudo!","surpresa"
"Que alegria, esse vídeo é top!","alegria"
"Que tristeza, isso é muito triste.","tristeza"
"Que coisa nojenta, que horror!","desgosto"
"Que medo, isso é assustador!","medo"
"Que ódio, isso me tira do sério!","raiva"
"Que surpresa, que momento incrível!","surpresa"
"Que felicidade, esse vídeo é sensacional!","alegria"
"Que decepção, que perda de tempo.","tristeza"
"Que nojo, isso é asqueroso!","desgosto"
"Que susto, meu Deus, que medo!","medo"
"Que raiva, isso é uma palhaçada!","raiva"
"Que surpresa, isso foi inesperado!","surpresa"
"Que vídeo maravilhoso, me inspirou!","alegria"
"Que tristeza, isso me abalou.","tristeza"
"Que coisa repugnante, que nojo!","desgosto"
"Que medo, isso é de arrepiar!","medo"
"Que ódio, isso é revoltante!","raiva"
"Que surpresa, que reviravolta!","surpresa"
"Que alegria, esse vídeo é perfeito!","alegria"
"Que decepção, esperava algo melhor.","tristeza"
"Que nojo, isso é nojento!","desgosto"
"Que susto, quase caí da cadeira!","medo"
"Que raiva, isso é inadmissível!","raiva"
"Que surpresa, isso foi épico!","surpresa"
"Que felicidade, esse vídeo é incrível!","alegria"
"Que tristeza, isso é de cortar o coração.","tristeza"
"Que coisa nojenta, que horror!","desgosto"
"Que medo, isso é aterrorizante!","medo"
"Que ódio, isso me deixa furioso!","raiva"
"Que surpresa, não acredito que vi isso!","surpresa"
"Que vídeo incrível, adorei!","alegria"
"Que decepção, que vídeo fraco.","tristeza"
"Que nojo, isso é repulsivo!","desgosto"
"Que susto, meu coração parou!","medo"
"Que raiva, isso é uma vergonha!","raiva"
"Que surpresa, isso foi demais!","surpresa"
"Que alegria, esse vídeo é top!","alegria"
"Que tristeza, isso me deixou mal.","tristeza"
"Que coisa nojenta, que nojo!","desgosto"
"Que medo, isso me deu arrepios!","medo"
"Que ódio, isso é revoltante!","raiva"
"Que surpresa, que momento épico!","surpresa"
"Que felicidade, esse vídeo é sensacional!","alegria"
"Que decepção, não gostei nada.","tristeza"
"Que nojo, isso é asqueroso!","desgosto"
"Que susto, quase tive um ataque!","medo"
"Que raiva, isso é inaceitável!","raiva"
"Que surpresa, isso foi inesperado!","surpresa"
"Que vídeo maravilhoso, me deixou feliz!","alegria"
"Que tristeza, isso é muito triste.","tristeza"
"Que coisa repugnante, que horror!","desgosto"
"Que medo, isso é assustador!","medo"
"Que ódio, isso me tira do sério!","raiva"
"Que surpresa, que reviravolta!","surpresa"
"Que alegria, esse vídeo é perfeito!","alegria"
"Que decepção, que perda de tempo.","tristeza"
"Que nojo, isso é nojento!","desgosto"
"Que susto, meu Deus, que medo!","medo"
"Que raiva, isso é uma palhaçada!","raiva"
"Que surpresa, isso foi épico!","surpresa"
"Que felicidade, esse vídeo é incrível!","alegria"
"Que tristeza, isso me abalou.","tristeza"
"Que coisa nojenta, que nojo!","desgosto"
"Que medo, isso é de arrepiar!","medo"
"Que ódio, isso é revoltante!","raiva"
"Que surpresa, que momento incrível!","surpresa"
"Que vídeo incrível, adorei!","alegria"
"Que decepção, esperava mais.","tristeza"
"Que nojo, isso é repulsivo!","desgosto"
"Que susto, quase derrubei o celular!","medo"
"Que raiva, isso é inadmissível!","raiva"
"Que surpresa, isso mudou tudo!","surpresa"
"Que alegria, esse vídeo é top!","alegria"
"Que tristeza, isso é de cortar o coração.","tristeza"
"Que coisa nojenta, que horror!","desgosto"
"Que medo, isso é aterrorizante!","medo"
"Que ódio, isso me deixa furioso!","raiva"
"Que surpresa, não esperava por isso!","surpresa"
"Que felicidade, esse vídeo é sensacional!","alegria"
"Que decepção, que vídeo ruim.","tristeza"
"Que nojo, isso é asqueroso!","desgosto"
"Que susto, meu coração disparou!","medo"
"Que raiva, isso é uma vergonha!","raiva"
"Que surpresa, isso foi demais!","surpresa"
"Que vídeo maravilhoso, me inspirou!","alegria"
"Que tristeza, isso me deixou pra baixo.","tristeza"
"Que coisa repugnante, que nojo!","desgosto"
"Que medo, isso me deu arrepios!","medo"
"Que ódio, isso é revoltante!","raiva"
"Que surpresa, que reviravolta!","surpresa"
"Que alegria, esse vídeo é perfeito!","alegria"
"Que decepção, não gostei nada.","tristeza"
"Que nojo, isso é nojento!","desgosto"
"Que susto, quase caí da cadeira!","medo"
"Que raiva, isso é inaceitável!","raiva"
"Que surpresa, isso foi épico!","surpresa"
"Que felicidade, esse vídeo é incrível!","alegria"
"Que tristeza, isso é muito triste.","tristeza"
"Que coisa nojenta, que horror!","desgosto"
"Que medo, isso é assustador!","medo"
"Que ódio, isso me tira do sério!","raiva"
"Que surpresa, não acredito que vi isso!","surpresa"
"Que vídeo incrível, adorei!","alegria"
"Que decepção, que perda de tempo.","tristeza"
"Que nojo, isso é repulsivo!","desgosto"
"Que susto, meu Deus, que medo!","medo"
"Que raiva, isso é uma palhaçada!","raiva"
"Que surpresa, isso foi inesperado!","surpresa"
"Que alegria, esse vídeo é top!","alegria"
"Que tristeza, isso me abalou.","tristeza"
"Que coisa nojenta, que nojo!","desgosto"
"Que medo, isso é de arrepiar!","medo"
"Que ódio, isso é revoltante!","raiva"
"Que surpresa, que momento épico!","surpresa"
"Que felicidade, esse vídeo é sensacional!","alegria"
"Que decepção, esperava mais.","tristeza"
"Que nojo, isso é asqueroso!","desgosto"
"Que susto, quase tive um ataque!","medo"
"Que raiva, isso é inadmissível!","raiva"
"Que surpresa, isso foi demais!","surpresa"
"Que vídeo maravilhoso, me deixou feliz!","alegria"
"Que tristeza, isso é de cortar o coração.","tristeza"
"Que coisa repugnante, que horror!","desgosto"
"Que medo, isso é aterrorizante!","medo"
"Que ódio, isso me deixa louco!","raiva"
"Que surpresa, que reviravolta!","surpresa"
"Que alegria, esse vídeo é perfeito!","alegria"
"Que decepção, que vídeo fraco.","tristeza"
"Que nojo, isso é nojento!","desgosto"
"Que susto, meu coração parou!","medo"
"Que raiva, isso é uma vergonha!","raiva"
"Que surpresa, isso foi épico!","surpresa"
"Que felicidade, esse vídeo é incrível!","alegria"
"Que tristeza, isso me deixou mal.","tristeza"
"Que coisa nojenta, que nojo!","desgosto"
"Que medo, isso me deu arrepios!","medo"
"Que ódio, isso é revoltante!","raiva"
"Que surpresa, não esperava por isso!","surpresa"
"Que vídeo incrível, adorei!","alegria"
"Que decepção, não gostei nada.","tristeza"
"Que nojo, isso é repulsivo!","desgosto"
"Que susto, quase derrubei o celular!","medo"
"Que raiva, isso é inaceitável!","raiva"
"Que surpresa, isso mudou tudo!","surpresa"
"Que alegria, esse vídeo é top!","alegria"
"Que tristeza, isso é muito triste.","tristeza"
"Que coisa nojenta, que horror!","desgosto"
"Que medo, isso é assustador!","medo"
"Que ódio, isso me tira do sério!","raiva"
"Que surpresa, que momento incrível!","surpresa"
"Que felicidade, esse vídeo é sensacional!","alegria"
"Que decepção, que perda de tempo.","tristeza"
"Que nojo, isso é asqueroso!","desgosto"
"Que susto, meu Deus, que medo!","medo"
"Que raiva, isso é uma palhaçada!","raiva"
"Que surpresa, isso foi inesperado!","surpresa"
"Que vídeo maravilhoso, me inspirou!","alegria"
"Que tristeza, isso me abalou.","tristeza"
"Que coisa repugnante, que nojo!","desgosto"
"Que medo, isso é de arrepiar!","medo"
"Que ódio, isso é revoltante!","raiva"
"Que surpresa, que reviravolta!","surpresa"
"Que alegria, esse vídeo é perfeito!","alegria"
"Que decepção, esperava algo melhor.","tristeza"
"Que nojo, isso é nojento!","desgosto"
"Que susto, quase caí da cadeira!","medo"
"Que raiva, isso é inadmissível!","raiva"
"Que surpresa, isso foi épico!","surpresa"
"Que felicidade, esse vídeo é incrível!","alegria"
"Que tristeza, isso é de cortar o coração.","tristeza"
"Que coisa nojenta, que horror!","desgosto"
"Que medo, isso é aterrorizante!","medo"
"Que ódio, isso me deixa furioso!","raiva"
"Que surpresa, não acredito que vi isso!","surpresa"
"Que vídeo incrível, adorei!","alegria"
"Que decepção, que vídeo ruim.","tristeza"
"Que nojo, isso é repulsivo!","desgosto"
"Que susto, meu coração disparou!","medo"
"Que raiva, isso é uma vergonha!","raiva"
"Que surpresa, isso foi demais!","surpresa"
"Que alegria, esse vídeo é top!","alegria"
"Que tristeza, isso me deixou pra baixo.","tristeza"
"Que coisa nojenta, que nojo!","desgosto"
"Que medo, isso me deu arrepios!","medo"
"Que ódio, isso é revoltante!","raiva"
"Que surpresa, que momento épico!","surpresa"
"Que felicidade, esse vídeo é sensacional!","alegria"
"Que decepção, não gostei nada.","tristeza"
"Que nojo, isso é asqueroso!","desgosto"
"Que susto, quase tive um ataque!","medo"
"Que raiva, isso é inaceitável!","raiva"
"Que surpresa, isso foi inesperado!","surpresa"
"Que vídeo maravilhoso, me deixou feliz!","alegria"
"Que tristeza, isso é muito triste.","tristeza"
"Que coisa repugnante, que horror!","desgosto"
"Que medo, isso é assustador!","medo"
"Que ódio, isso me tira do sério!","raiva"
"Que surpresa, que reviravolta!","surpresa"
"Que alegria, esse vídeo é perfeito!","alegria"
"Que decepção, que perda de tempo.","tristeza"
"Que nojo, isso é nojento!","desgosto"
"Que susto, meu Deus, que medo!","medo"
"Que raiva, isso é uma palhaçada!","raiva"
"Que surpresa, isso foi épico!","surpresa"
"Que felicidade, esse vídeo é incrível!","alegria"
"Que tristeza, isso me abalou.","tristeza"
"Que coisa nojenta, que nojo!","desgosto"
"Que medo, isso é de arrepiar!","medo"
"Que ódio, isso é revoltante!","raiva"
"Que surpresa, que momento incrível!","surpresa"
"Que vídeo incrível, adorei!","alegria"
"Que decepção, esperava mais.","tristeza"
"Que nojo, isso é repulsivo!","desgosto"
"Que susto, quase derrubei o celular!","medo"
"Que raiva, isso é inadmissível!","raiva"
"Que surpresa, isso mudou tudo!","surpresa"
"Que alegria, esse vídeo é top!","alegria"
"Que tristeza, isso é de cortar o coração.","tristeza"
"Que coisa nojenta, que horror!","desgosto"
"Que medo, isso é aterrorizante!","medo"
"Que ódio, isso me deixa furioso!","raiva"
"Que surpresa, não esperava por isso!","surpresa"
"Que felicidade, esse vídeo é sensacional!","alegria"
"Que decepção, que vídeo fraco.","tristeza"
"Que nojo, isso é asqueroso!","desgosto"
"Que susto, meu coração parou!","medo"
"Que raiva, isso é uma vergonha!","raiva"
"Que surpresa, isso foi demais!","surpresa"
"Que vídeo maravilhoso, me inspirou!","alegria"
"Que tristeza, isso me deixou mal.","tristeza"
"Que coisa repugnante, que nojo!","desgosto"
"Que medo, isso me deu arrepios!","medo"
"Que ódio, isso é revoltante!","raiva"
"Que surpresa, que reviravolta!","surpresa"
"Que alegria, esse vídeo é perfeito!","alegria"
"Que decepção, não gostei nada.","tristeza"
"Que nojo, isso é nojento!","desgosto"
"Que susto, quase caí da cadeira!","medo"
"Que raiva, isso é inaceitável!","raiva"
"Que surpresa, isso foi épico!","surpresa"
"Que felicidade, esse vídeo é incrível!","alegria"
"Que tristeza, isso é muito triste.","tristeza"
"Que coisa nojenta, que horror!","desgosto"
"Que medo, isso é assustador!","medo"
"Que ódio, isso me tira do sério!","raiva"
"Que surpresa, não acredito que vi isso!","surpresa"
"Que vídeo incrível, adorei!","alegria"
"Que decepção, que perda de tempo.","tristeza"
"Que nojo, isso é repulsivo!","desgosto"
"Que susto, meu Deus, que medo!","medo"
"Que raiva, isso é uma palhaçada!","raiva"
"Que surpresa, isso foi inesperado!","surpresa"
"Que alegria, esse vídeo é top!","alegria"
"Que tristeza, isso me abalou.","tristeza"
"Que coisa nojenta, que nojo!","desgosto"
"Que medo, isso é de arrepiar!","medo"
"Que ódio, isso é revoltante!","raiva"
"Que surpresa, que momento épico!","surpresa"
"Que felicidade, esse vídeo é sensacional!","alegria"
"Que decepção, esperava mais.","tristeza"
"Que nojo, isso é asqueroso!","desgosto"
"Que susto, quase tive um ataque!","medo"
"Que raiva, isso é inadmissível!","raiva"
"Que surpresa, isso foi demais!","surpresa"
"Que vídeo maravilhoso, me deixou feliz!","alegria"
"Que tristeza, isso é de cortar o coração.","tristeza"
"Que coisa repugnante, que horror!","desgosto"
"Que medo, isso é aterrorizante!","medo"
"Que ódio, isso me deixa louco!","raiva"
"Que surpresa, que reviravolta!","surpresa"
"Que alegria, esse vídeo é perfeito!","alegria"
"Que decepção, que vídeo ruim.","tristeza"
"Que nojo, isso é nojento!","desgosto"
"Que susto, meu coração disparou!","medo"
"Que raiva, isso é uma vergonha!","raiva"
"Que surpresa, isso foi épico!","surpresa"
"Que felicidade, esse vídeo é incrível!","alegria"
"Que tristeza, isso me deixou pra baixo.","tristeza"
"Que coisa nojenta, que nojo!","desgosto"
"Que medo, isso me deu arrepios!","medo"
"Que ódio, isso é revoltante!","raiva"
"Que surpresa, não esperava por isso!","surpresa"
"Que vídeo incrível, adorei!","alegria"
"Que decepção, não gostei nada.","tristeza"
"Que nojo, isso é repulsivo!","desgosto"
"Que susto, quase derrubei o celular!","medo"
"Que raiva, isso é inaceitável!","raiva"
"Que surpresa, isso mudou tudo!","surpresa"
"Que alegria, esse vídeo é top!","alegria"
"Que tristeza, isso é muito triste.","tristeza"
"Que coisa nojenta, que horror!","desgosto"
"Que medo, isso é assustador!","medo"
"Que ódio, isso me tira do sério!","raiva"
"Que surpresa, que momento incrível!","surpresa"
"Que felicidade, esse vídeo é sensacional!","alegria"
"Que decepção, que perda de tempo.","tristeza"
"Que nojo, isso é asqueroso!","desgosto"
"Que susto, meu Deus, que medo!","medo"
"Que raiva, isso é uma palhaçada!","raiva"
"Que surpresa, isso foi inesperado!","surpresa"
"Que vídeo maravilhoso, me inspirou!","alegria"
"Que tristeza, isso me abalou.","tristeza"
"Que coisa repugnante, que nojo!","desgosto"
"Que medo, isso é de arrepiar!","medo"
"Que ódio, isso é revoltante!","raiva"
"Que surpresa, que reviravolta!","surpresa"
"Que alegria, esse vídeo é perfeito!","alegria"
"Que decepção, esperava algo melhor.","tristeza"
"Que nojo, isso é nojento!","desgosto"
"Que susto, quase caí da cadeira!","medo"
"Que raiva, isso é inadmissível!","raiva"
"Que surpresa, isso foi épico!","surpresa"
"Que felicidade, esse vídeo é incrível!","alegria"
"Que tristeza, isso é de cortar o coração.","tristeza"
"Que coisa nojenta, que horror!","desgosto"
"Que medo, isso é aterrorizante!","medo"
"Que ódio, isso me deixa furioso!","raiva"
"Que surpresa, não acredito que vi isso!","surpresa"
"Que vídeo incrível, adorei!","alegria"
"Que decepção, que vídeo fraco.","tristeza"
"Que nojo, isso é repulsivo!","desgosto"
"Que susto, meu coração parou!","medo"
"Que raiva, isso é uma vergonha!","raiva"
"Que surpresa, isso foi demais!","surpresa"
"Que alegria, esse vídeo é top!","alegria"
"Que tristeza, isso me deixou mal.","tristeza"
"Que coisa nojenta, que nojo!","desgosto"
"Que medo, isso me deu arrepios!","medo"
"Que ódio, isso é revoltante!","raiva"
"Que surpresa, que momento épico!","surpresa"
"Que felicidade, esse vídeo é sensacional!","alegria"
"Que decepção, não gostei nada.","tristeza"
"Que nojo, isso é asqueroso!","desgosto"
"Que susto, quase tive um ataque!","medo"
"Que raiva, isso é inaceitável!","raiva"
"Que surpresa, isso foi inesperado!","surpresa"
"Que vídeo maravilhoso, me deixou feliz!","alegria"
"Que tristeza, isso é muito triste.","tristeza"
"Que coisa repugnante, que horror!","desgosto"
"Que medo, isso é assustador!","medo"
"Que ódio, isso me tira do sério!","raiva"
"Que surpresa, que reviravolta!","surpresa"
"Que alegria, esse vídeo é perfeito!","alegria"
"Que decepção, que perda de tempo.","tristeza"
"Que nojo, isso é nojento!","desgosto"
"Que susto, meu Deus, que medo!","medo"
"Que raiva, isso é uma palhaçada!","raiva"
"Que surpresa, isso foi épico!","surpresa"
"Que felicidade, esse vídeo é incrível!","alegria"
"Que tristeza, isso me abalou.","tristeza"
"Que coisa nojenta, que nojo!","desgosto"
"Que medo, isso é de arrepiar!","medo"
"Que ódio, isso é revoltante!","raiva"
"Que surpresa, que momento incrível!","surpresa"
"Que vídeo incrível, adorei!","alegria"
"Que decepção, esperava mais.","tristeza"
"Que nojo, isso é repulsivo!","desgosto"
"Que susto, quase derrubei o celular!","medo"
"Que raiva, isso é inadmissível!","raiva"
"Que surpresa, isso mudou tudo!","surpresa"
"Que alegria, esse vídeo é top!","alegria"
"Que tristeza, isso é de cortar o coração.","tristeza"
"Que coisa nojenta, que horror!","desgosto"
"Que medo, isso é aterrorizante!","medo"
"Que ódio, isso me deixa furioso!","raiva"
"Que surpresa, não esperava por isso!","surpresa"
"Que felicidade, esse vídeo é sensacional!","alegria"
"Que decepção, que vídeo ruim.","tristeza"
"Que nojo, isso é asqueroso!","desgosto"
"Que susto, meu coração disparou!","medo"
"Que raiva, isso é uma vergonha!","raiva"
"Que surpresa, isso foi demais!","surpresa"
"Que vídeo maravilhoso, me inspirou!","alegria"
"Que tristeza, isso me deixou pra baixo.","tristeza"
"Que coisa repugnante, que nojo!","desgosto"
"Que medo, isso me deu arrepios!","medo"
"Que ódio, isso é revoltante!","raiva"
"Que surpresa, que reviravolta!","surpresa"
"Que alegria, esse vídeo é perfeito!","alegria"
"Que decepção, não gostei nada.","tristeza"
"Que nojo, isso é nojento!","desgosto"
"Que susto, quase caí da cadeira!","medo"
"Que raiva, isso é inaceitável!","raiva"
"Que surpresa, isso foi épico!","surpresa"
"Que felicidade, esse vídeo é incrível!","alegria"
"Que tristeza, isso é muito triste.","tristeza"
"Que coisa nojenta, que horror!","desgosto"
"Que medo, isso é assustador!","medo"
"Que ódio, isso me tira do sério!","raiva"
"Que surpresa, não acredito que vi isso!","surpresa"
"Que vídeo incrível, adorei!","alegria"
"Que decepção, que perda de tempo.","tristeza"
"Que nojo, isso é repulsivo!","desgosto"
"Que susto, meu Deus, que medo!","medo"
"Que raiva, isso é uma palhaçada!","raiva"
"Que surpresa, isso foi inesperado!","surpresa"
"Que alegria, esse vídeo é top!","alegria"
"Que tristeza, isso me abalou.","tristeza"
"Que coisa nojenta, que nojo!","desgosto"
"Que medo, isso é de arrepiar!","medo"
"Que ódio, isso é revoltante!","raiva"
"Que surpresa, que momento épico!","surpresa"
"Que felicidade, esse vídeo é sensacional!","alegria"
"Que decepção, esperava mais.","tristeza"
"Que nojo, isso é asqueroso!","desgosto"
"Que susto, quase tive um ataque!","medo"
"Que raiva, isso é inadmissível!","raiva"
"Que surpresa, isso foi demais!","surpresa"
"Que vídeo maravilhoso, me deixou feliz!","alegria"
"Que tristeza, isso é de cortar o coração.","tristeza"
"Que coisa repugnante, que horror!","desgosto"
"Que medo, isso é aterrorizante!","medo"
"Que ódio, isso me deixa louco!","raiva"
"Que surpresa, que reviravolta!","surpresa"
"Que alegria, esse vídeo é perfeito!","alegria"
"Que decepção, que vídeo fraco.","tristeza"
"Que nojo, isso é nojento!","desgosto"
"Que susto, meu coração parou!","medo"
"Que raiva, isso é uma vergonha!","raiva"
"Que surpresa, isso foi épico!","surpresa"
"Que felicidade, esse vídeo é incrível!","alegria"
"Que tristeza, isso me deixou mal.","tristeza"
"Que coisa nojenta, que nojo!","desgosto"
"Que medo, isso me deu arrepios!","medo"
"Que ódio, isso é revoltante!","raiva"
"Que surpresa, não esperava por isso!","surpresa"
"Que vídeo incrível, adorei!","alegria"
"Que decepção, não gostei nada.","tristeza"
"Que nojo, isso é repulsivo!","desgosto"
"Que susto, quase derrubei o celular!","medo"
"Que raiva, isso é inaceitável!","raiva"
"Que surpresa, isso mudou tudo!","surpresa"
"Que alegria, esse vídeo é top!","alegria"
"Que tristeza, isso é muito triste.","tristeza"
"Que coisa nojenta, que horror!","desgosto"
"Que medo, isso é assustador!","medo"
"Que ódio, isso me tira do sério!","raiva"
"Que surpresa, que momento incrível!","surpresa"
"Que felicidade, esse vídeo é sensacional!","alegria"
"Que decepção, que perda de tempo.","tristeza"
"Que nojo, isso é asqueroso!","desgosto"
"Que susto, meu Deus, que medo!","medo"
"Que raiva, isso é uma palhaçada!","raiva"
"Que surpresa, isso foi inesperado!","surpresa"
"Que vídeo maravilhoso, me inspirou!","alegria"
"Que tristeza, isso me abalou.","tristeza"
"Que coisa repugnante, que nojo!","desgosto"
"Que medo, isso é de arrepiar!","medo"
"Que ódio, isso é revoltante!","raiva"
"Que surpresa, que reviravolta!","surpresa"
"Que alegria, esse vídeo é perfeito!","alegria"
"Que decepção, esperava algo melhor.","tristeza"
"Que nojo, isso é nojento!","desgosto"
"Que susto, quase caí da cadeira!","medo"
"Que raiva, isso é inadmissível!","raiva"
"Que surpresa, isso foi épico!","surpresa"
"Que felicidade, esse vídeo é incrível!","alegria"
"Que tristeza, isso é de cortar o coração.","tristeza"
"Que coisa nojenta, que horror!","desgosto"
"Que medo, isso é aterrorizante!","medo"
"Que ódio, isso me deixa furioso!","raiva"
"Que surpresa, não acredito que vi isso!","surpresa"
"Que vídeo incrível, adorei!","alegria"
"Que decepção, que vídeo ruim.","tristeza"
"Que nojo, isso é repulsivo!","desgosto"
"Que susto, meu coração disparou!","medo"
"Que raiva, isso é uma vergonha!","raiva"
"Que surpresa, isso foi demais!","surpresa"
"Que alegria, esse vídeo é top!","alegria"
"Que tristeza, isso me deixou pra baixo.","tristeza"
"Que coisa nojenta, que nojo!","desgosto"
"Que medo, isso me deu arrepios!","medo"
"Que ódio, isso é revoltante!","raiva"
"Que surpresa, que momento épico!","surpresa"
"Que felicidade, esse vídeo é sensacional!","alegria"
"Que decepção, não gostei nada.","tristeza"
"Que nojo, isso é asqueroso!","desgosto"
"Que susto, quase tive um ataque!","medo"
"Que raiva, isso é inaceitável!","raiva"
"Que surpresa, isso foi inesperado!","surpresa"
"Que vídeo maravilhoso, me deixou feliz!","alegria"
"Que tristeza, isso é muito triste.","tristeza"
"Que coisa repugnante, que horror!","desgosto"
"Que medo, isso é assustador!","medo"
"Que ódio, isso me tira do sério!","raiva"
"Que surpresa, que reviravolta!","surpresa"
"Que alegria, esse vídeo é perfeito!","alegria"
"Que decepção, que perda de tempo.","tristeza"
"Que nojo, isso é nojento!","desgosto"
"Que susto, meu Deus, que medo!","medo"
"Que raiva, isso é uma palhaçada!","raiva"
"Que surpresa, isso foi épico!","surpresa"
"Que felicidade, esse vídeo é incrível!","alegria"
"Que tristeza, isso me abalou.","tristeza"
"Que coisa nojenta, que nojo!","desgosto"
"Que medo, isso é de arrepiar!","medo"
"Que ódio, isso é revoltante!","raiva"
"Que surpresa, que momento incrível!","surpresa"
"Que vídeo incrível, adorei!","alegria"
"Que decepção, esperava mais.","tristeza"
"Que nojo, isso é repulsivo!","desgosto"
"Que susto, quase derrubei o celular!","medo"
"Que raiva, isso é inadmissível!","raiva"
"Que surpresa, isso mudou tudo!","surpresa"
"Que alegria, esse vídeo é top!","alegria"
"Que tristeza, isso é de cortar o coração.","tristeza"
"Que coisa nojenta, que horror!","desgosto"
"Que medo, isso é aterrorizante!","medo"
"Que ódio, isso me deixa furioso!","raiva"
"Que surpresa, não esperava por isso!","surpresa"
"Que felicidade, esse vídeo é sensacional!","alegria"
"Que decepção, que vídeo fraco.","tristeza"
"Que nojo, isso é asqueroso!","desgosto"
"Que susto, meu coração parou!","medo"
"Que raiva, isso é uma vergonha!","raiva"
"Que surpresa, isso foi demais!","surpresa"
"Que vídeo maravilhoso, me inspirou!","alegria"
"Que tristeza, isso me deixou mal.","tristeza"
"Que coisa repugnante, que nojo!","desgosto"
"Que medo, isso me deu arrepios!","medo"
"Que ódio, isso é revoltante!","raiva"
"Que surpresa, que reviravolta!","surpresa"
"Que alegria, esse vídeo é perfeito!","alegria"
"Que decepção, não gostei nada.","tristeza"
"Que nojo, isso é nojento!","desgosto"
"Que susto, quase caí da cadeira!","medo"
"Que raiva, isso é inaceitável!","raiva"
"Que surpresa, isso foi épico!","surpresa"
"Que felicidade, esse vídeo é incrível!","alegria"
"Que tristeza, isso é muito triste.","tristeza"
"Que coisa nojenta, que horror!","desgosto"
"Que medo, isso é assustador!","medo"
"Que ódio, isso me tira do sério!","raiva"
"Que surpresa, não acredito que vi isso!","surpresa"
"Que vídeo incrível, adorei!","alegria"
"Que decepção, que perda de tempo.","tristeza"
"Que nojo, isso é repulsivo!","desgosto"
"Que susto, meu Deus, que medo!","medo"
"Que raiva, isso é uma palhaçada!","raiva"
"Que surpresa, isso foi inesperado!","surpresa"
"Que alegria, esse vídeo é top!","alegria"
"Que tristeza, isso me abalou.","tristeza"
"Que coisa nojenta, que nojo!","desgosto"
"Que medo, isso é de arrepiar!","medo"
"Que ódio, isso é revoltante!","raiva"
"Que surpresa, que momento épico!","surpresa"
"Que felicidade, esse vídeo é sensacional!","alegria"
"Que decepção, esperava mais.","tristeza"
"Que nojo, isso é asqueroso!","desgosto"
"Que susto, quase tive um ataque!","medo"
"Que raiva, isso é inadmissível!","raiva"
"Que surpresa, isso foi demais!","surpresa"
"Que vídeo maravilhoso, me deixou feliz!","alegria"
"Que tristeza, isso é de cortar o coração.","tristeza"
"Que coisa repugnante, que horror!","desgosto"
"Que medo, isso é aterrorizante!","medo"
"Que ódio, isso me deixa louco!","raiva"
"Que surpresa, que reviravolta!","surpresa"
"Que alegria, esse vídeo é perfeito!","alegria"
"Que decepção, que vídeo ruim.","tristeza"
"Que nojo, isso é nojento!","desgosto"
"Que susto, meu coração disparou!","medo"
"Que raiva, isso é uma vergonha!","raiva"
"Que surpresa, isso foi épico!","surpresa"
"Que felicidade, esse vídeo é incrível!","alegria"
"Que tristeza, isso me deixou pra baixo.","tristeza"
"Que coisa nojenta, que nojo!","desgosto"
"Que medo, isso me deu arrepios!","medo"
"Que ódio, isso é revoltante!","raiva"
"Que surpresa, não esperava por isso!","surpresa"
"Que vídeo incrível, adorei!","alegria"
"Que decepção, não gostei nada.","tristeza"
"Que nojo, isso é repulsivo!","desgosto"
"Que susto, quase derrubei o celular!","medo"
"Que raiva, isso é inaceitável!","raiva"
"Que surpresa, isso mudou tudo!","surpresa"
"Que alegria, esse vídeo é top!","alegria"
"Que tristeza, isso é muito triste.","tristeza"
"Que coisa nojenta, que horror!","desgosto"
"Que medo, isso é assustador!","medo"
"Que ódio, isso me tira do sério!","raiva"
"Que surpresa, que momento incrível!","surpresa"
"Que felicidade, esse vídeo é sensacional!","alegria"
"Que decepção, que perda de tempo.","tristeza"
"Que nojo, isso é asqueroso!","desgosto"
"Que susto, meu Deus, que medo!","medo"
"Que raiva, isso é uma palhaçada!","raiva"
"Que surpresa, isso foi inesperado!","surpresa"
"Que vídeo maravilhoso, me inspirou!","alegria"
"Que tristeza, isso me abalou.","tristeza"
"Que coisa repugnante, que nojo!","desgosto"
"Que medo, isso é de arrepiar!","medo"
"Que ódio, isso é revoltante!","raiva"
"Que surpresa, que reviravolta!","surpresa"
"Que alegria, esse vídeo é perfeito!","alegria"
"Que decepção, esperava algo melhor.","tristeza"
"Que nojo, isso é nojento!","desgosto"
"Que susto, quase caí da cadeira!","medo"
"Que raiva, isso é inadmissível!","raiva"
"Que surpresa, isso foi épico!","surpresa"
"Que felicidade, esse vídeo é incrível!","alegria"
"Que tristeza, isso é de cortar o coração.","tristeza"
"Que coisa nojenta, que horror!","desgosto"
"Que medo, isso é aterrorizante!","medo"
"Que ódio, isso me deixa furioso!","raiva"
"Que surpresa, não acredito que vi isso!","surpresa"
"Que vídeo incrível, adorei!","alegria"
"Que decepção, que vídeo fraco.","tristeza"
"Que nojo, isso é repulsivo!","desgosto"
"Que susto, meu coração parou!","medo"
"Que raiva, isso é uma vergonha!","raiva"
"Que surpresa, isso foi demais!","surpresa"
"Que vídeo incrível! Adorei cada segundo.",alegria
"Estou tão chateado com essa notícia.",tristeza
"Não acredito no que acabei de ver! Que absurdo!",raiva
"Nossa, que susto! Não esperava por isso.",medo
"Eca, que coisa nojenta!",desgosto
"Estou radiante de felicidade hoje!",alegria
"Sinto um vazio enorme no meu peito.",tristeza
"Essa injustiça me deixa furioso!",raiva
"Uau! Que reviravolta inesperada.",surpresa
"Ai, que pavor! Fiquei paralisado.",medo
"Que gosto horrível! Não consigo comer isso.",desgosto
"Amei demais essa música! Me deixou muito feliz.",alegria
"Hoje o dia está tão cinzento quanto meu humor.",tristeza
"Estou tão irritado que quero gritar!",raiva
"Não imaginava que isso fosse acontecer. Fiquei boquiaberto.",surpresa
"Senti um arrepio na espinha com essa cena.",medo
"Que sensação desagradável.",desgosto
"Essa piada me fez gargalhar!",alegria
"As lágrimas escorrem pelo meu rosto.",tristeza
"Que ultraje! Não vou tolerar isso.",raiva
"Fiquei totalmente perplexo com essa revelação.",surpresa
"Meu coração disparou de tanto medo.",medo
"Essa textura é simplesmente repugnante.",desgosto
"Que dia maravilhoso! Tudo perfeito.",alegria
"A saudade aperta o coração.",tristeza
"Estou fervendo de raiva agora!",raiva
"Não podia crer no que meus olhos viam.",surpresa
"Essa sombra me causa calafrios.",medo
"O cheiro desse lugar é insuportável.",desgosto
"Que alegria contagiante!",alegria
"Me sinto tão desanimado hoje.",tristeza
"Essa atitude me indigna profundamente.",raiva
"Fiquei besta com tamanha beleza.",surpresa
"Achei que ia desmaiar de tanto medo.",medo
"Que aspecto asqueroso!",desgosto
"Estou nas nuvens de felicidade!",alegria
"A tristeza me consome lentamente.",tristeza
"Essa provocação me deixou irado.",raiva
"Fiquei atônito com a notícia.",surpresa
"Senti um frio na barriga.",medo
"Que consistência estranha e ruim.",desgosto
"Que momento mágico! Estou tão feliz.",alegria
"A melancolia toma conta dos meus pensamentos.",tristeza
"Essa falta de respeito me enfurece.",raiva
"Fiquei surpreso com a sua gentileza.",surpresa
"O barulho repentino me assustou.",medo
"Que sabor amargo e ruim.",desgosto
"Estou muito contente com o resultado!",alegria
"A dor da perda é imensa.",tristeza
"Essa mentira me enche de rancor.",raiva
"Fiquei admirado com a sua coragem.",surpresa
"A escuridão me apavora.",medo
"Que visão horripilante!",desgosto
"Que felicidade sem tamanho!",alegria
"O desgosto me invade.",tristeza
"Essa traição me deixou revoltado.",raiva
"Fiquei impressionado com a sua habilidade.",surpresa
"Senti um calafrio percorrer meu corpo.",medo
"Que cheiro fétido!",desgosto
"Estou pulando de alegria!",alegria
"A angústia não me deixa em paz.",tristeza
"Essa grosseria me deixou indignado.",raiva
"Fiquei abismado com o tamanho daquilo.",surpresa
"O medo me paralisa.",medo
"Que textura gosmenta!",desgosto
"Que sensação boa de estar feliz!",alegria
"O vazio é quase palpável.",tristeza
"Essa injustiça me deixa revoltado.",raiva
"Fiquei maravilhado com a paisagem.",surpresa
"Senti um arrepio de terror.",medo
"Que gosto rançoso!",desgosto
"Estou muito alegre hoje!",alegria
"A solidão me entristece.",tristeza
"Essa arrogância me irrita profundamente.",raiva
"Fiquei boquiaberto com a performance.",surpresa
"O pavor tomou conta de mim.",medo
"Que aspecto repulsivo!",desgosto
"Que felicidade imensa!",alegria
"A tristeza paira sobre mim.",tristeza
"Essa maldade me deixa furioso.",raiva
"Fiquei espantado com a notícia.",surpresa
"O medo me consome.",medo
"Que cheiro nauseabundo!",desgosto
"Estou radiante!",alegria
"O luto me abate.",tristeza
"Essa falta de consideração me indigna.",raiva
"Fiquei perplexo com a situação.",surpresa
"Senti um medo terrível.",medo
"Que sensação horrível!",desgosto
"Que alegria sem fim!",alegria
"A amargura me corrói.",tristeza
"Essa agressividade me enfurece.",raiva
"Fiquei admirado com a sua inteligência.",surpresa
"O terror me invade a alma.",medo
"Que visão repugnante!",desgosto
"Estou exultante!",alegria
"A desesperança me domina.",tristeza
"Essa hipocrisia me revolta.",raiva
"Fiquei assombrado com o relato.",surpresa
"Senti um pânico incontrolável.",medo
"Que sabor intragável!",desgosto
"Que felicidade plena!",alegria
"A mágoa me acompanha.",tristeza
"Essa negligência me irrita.",raiva
"Fiquei atônito com a revelação.",surpresa
"O susto foi enorme.",medo
"Que textura nojenta!",desgosto
"Estou muito feliz por você!",alegria
"A saudade me entristece.",tristeza
"Essa teimosia me deixa furioso.",raiva
"Fiquei besta com a sua reação.",surpresa
"O medo me paralisou por um instante.",medo
"Que cheiro insuportável!",desgosto
"Que dia alegre!",alegria
"A angústia me atormenta.",tristeza
"Essa injustiça me indigna.",raiva
"Fiquei maravilhado com a sua arte.",surpresa
"Senti um calafrio de apreensão.",medo
"Que gosto amargo!",desgosto
"Estou transbordando de alegria!",alegria
"A melancolia me envolve.",tristeza
"Essa grosseria me revolta.",raiva
"Fiquei abismado com a sua audácia.",surpresa
"O medo me fez tremer.",medo
"Que aspecto asqueroso!",desgosto
"Que momento feliz!",alegria
"O vazio é insuportável.",tristeza
"Essa falta de respeito me enfurece.",raiva
"Fiquei impressionado com a sua calma.",surpresa
"Senti um arrepio de pavor.",medo
"Que consistência estranha!",desgosto
"Estou muito contente!",alegria
"A dor da perda é profunda.",tristeza
"Essa mentira me enche de raiva.",raiva
"Fiquei admirado com a sua dedicação.",surpresa
"A escuridão me amedronta.",medo
"Que visão horripilante!",desgosto
"Que felicidade sem igual!",alegria
"O desgosto me domina.",tristeza
"Essa traição me deixou furioso.",raiva
"Fiquei impressionado com a sua inteligência.",surpresa
"Senti um calafrio percorrer meu corpo.",medo
"Que cheiro fétido!",desgosto
"Estou pulando de alegria!",alegria
"A angústia não me abandona.",tristeza
"Essa grosseria me indignou.",raiva
"Fiquei abismado com o tamanho daquilo.",surpresa
"O medo me paralisa completamente.",medo
"Que textura gosmenta!",desgosto
"Que sensação boa!",alegria
"O vazio é quase físico.",tristeza
"Essa injustiça me revolta.",raiva
"Fiquei maravilhado com a natureza.",surpresa
"Senti um arrepio de terror.",medo
"Que gosto rançoso!",desgosto
"Estou muito alegre!",alegria
"A solidão me consome.",tristeza
"Essa arrogância me irrita.",raiva
"Fiquei boquiaberto com a notícia.",surpresa
"O pavor tomou conta de mim.",medo
"Que aspecto repulsivo!",desgosto
"Que felicidade imensa sinto!",alegria
"A tristeza paira sobre mim hoje.",tristeza
"Essa maldade me deixa irado.",raiva
"Fiquei espantado com a revelação.",surpresa
"O medo me consome lentamente.",medo
"Que cheiro nauseabundo!",desgosto
"Estou radiante de felicidade!",alegria
"O luto me abate profundamente.",tristeza
"Essa falta de consideração me indigna.",raiva
"Fiquei perplexo com a situação.",surpresa
"Senti um medo terrível naquele momento.",medo
"Que sensação horrível me invadiu!",desgosto
"Que alegria sem fim me preenche!",alegria
"A amargura me corrói por dentro.",tristeza
"Essa agressividade me enfurece muito.",raiva
"Fiquei admirado com a sua sabedoria.",surpresa
"O terror me invade a alma por completo.",medo
"Que visão repugnante aos meus olhos!",desgosto
"Estou exultante de felicidade!",alegria
"A desesperança me domina completamente.",tristeza
"Essa hipocrisia me revolta profundamente.",raiva
"Fiquei assombrado com o que ouvi.",surpresa
"Senti um pânico incontrolável naquele instante.",medo
"Que sabor intragável! Não consigo comer.",desgosto
"Que felicidade plena em meu coração!",alegria
"A mágoa me acompanha constantemente.",tristeza
"Essa negligência me irrita profundamente.",raiva
"Fiquei atônito com a notícia inesperada.",surpresa
"O susto foi enorme e me deixou tremendo.",medo
"Que textura nojenta! Não quero tocar.",desgosto
"Estou muito feliz com essa novidade!",alegria
"A saudade me entristece a cada dia.",tristeza
"Essa teimosia me deixa furioso de verdade.",raiva
"Fiquei besta com a sua reação inesperada.",surpresa
"O medo me paralisou por um longo instante.",medo
"Que cheiro insuportável! Preciso sair daqui.",desgosto
"Que dia alegre e ensolarado hoje!",alegria
"A angústia me atormenta sem cessar.",tristeza
"Essa injustiça me indigna profundamente.",raiva
"Fiquei maravilhado com a sua apresentação.",surpresa
"Senti um calafrio de apreensão percorrer meu corpo.",medo
"Que gosto amargo e persistente!",desgosto
"Estou transbordando de alegria neste momento!",alegria
"A melancolia me envolve em seus braços.",tristeza
"Essa grosseria me revolta profundamente.",raiva
"Fiquei abismado com a sua incrível habilidade.",surpresa
"O medo me fez tremer da cabeça aos pés.",medo
"Que aspecto asqueroso! Não consigo olhar.",desgosto
"Que momento feliz e inesquecível!",alegria
"O vazio é insuportável em minha alma.",tristeza
"Essa falta de respeito me enfurece demais.",raiva
"Fiquei impressionado com a sua vasta cultura.",surpresa
"Senti um arrepio de pavor percorrer minha espinha.",medo
"Que consistência estranha e desagradável!",desgosto
"Estou muito contente com essa conquista!",alegria
"A dor da perda é profunda e constante.",tristeza
"Essa mentira me enche de raiva e frustração.",raiva
"Fiquei admirado com a sua incrível resiliência.",surpresa
"A escuridão me amedronta desde criança.",medo
"Que visão horripilante! Preciso desviar o olhar.",desgosto
"Que felicidade sem igual invade meu ser!",alegria
"O desgosto me domina por completo agora.",tristeza
"Essa traição me deixou furioso e magoado.",raiva
"Fiquei impressionado com a sua notável inteligência.",surpresa
"Senti um calafrio percorrer meu corpo inteiro.",medo
"Que cheiro fétido e nauseante!",desgosto
"Estou pulando de alegria e entusiasmo!",alegria
"A angústia não me abandona um só instante.",tristeza
"Essa grosseria me indignou profundamente com sua atitude.",raiva
"Fiquei abismado com o tamanho e a beleza daquilo.",surpresa
"O medo me paralisa completamente e me impede de reagir.",medo
"Que textura gosmenta e repugnante! Não quero tocar.",desgosto
"Que sensação boa e reconfortante de estar feliz!",alegria
"O vazio é quase palpável e me deixa sem rumo.",tristeza
"Essa injustiça me revolta profundamente e me deixa indignado.",raiva
"Fiquei maravilhado com a natureza exuberante e selvagem.",surpresa
"Senti um arrepio de terror percorrer cada célula do meu corpo.",medo
"Que gosto rançoso e amargo que persiste na boca!",desgosto
"Estou muito alegre e radiante com essa notícia maravilhosa!",alegria
"A solidão me consome lentamente e me deixa muito triste.",tristeza
"Essa arrogância me irrita profundamente e me deixa muito bravo.",raiva
"Fiquei boquiaberto com a notícia chocante e inesperada.",surpresa
"O pavor tomou conta de mim e me deixou sem reação por um momento.",medo
"Que aspecto repulsivo e asqueroso! Não consigo nem olhar direito.",desgosto
"Que felicidade imensa e indescritível sinto neste momento!",alegria
"A tristeza paira sobre mim como uma sombra densa e constante.",tristeza
"Essa maldade me deixa furioso e com um sentimento de profunda raiva.",raiva
"Fiquei espantado com a revelação surpreendente e inacreditável.",surpresa
"O medo me consome lentamente e me deixa apavorado com o futuro.",medo
"Que cheiro nauseabundo e insuportável! Preciso sair daqui imediatamente.",desgosto
"Estou radiante de felicidade e com um sorriso no rosto o tempo todo!",alegria
"O luto me abate profundamente e a dor da perda é quase insuportável.",tristeza
"Essa falta de consideração me indigna profundamente e me deixa muito chateado.",raiva
"Fiquei perplexo com a situação inusitada e completamente fora do comum.",surpresa
"Senti um medo terrível e gelado percorrer todo o meu corpo naquele instante.",medo
"Que sensação horrível e desagradável me invadiu de repente!",desgosto
"Que alegria sem fim e contagiante me preenche por completo!",alegria
"A amargura me corrói por dentro e me deixa com um gosto ruim na boca.",tristeza
"Essa agressividade me enfurece muito e me faz perder a paciência rapidamente.",raiva
"Fiquei admirado com a sua sabedoria e com a profundidade dos seus conhecimentos.",surpresa
"O terror me invade a alma por completo e me deixa com um sentimento de pavor.",medo
"Que visão repugnante e grotesca! Não consigo acreditar no que estou vendo.",desgosto
"Estou exultante de felicidade e com uma energia incrível para fazer tudo!",alegria
"A desesperança me domina completamente e me faz perder a vontade de seguir em frente.",tristeza
"Essa hipocrisia me revolta profundamente e me deixa com um sentimento de profunda indignação.",raiva
"Fiquei assombrado com o que ouvi e não consigo tirar essas palavras da minha cabeça.",surpresa
"Senti um pânico incontrolável naquele instante e meu coração começou a bater muito forte.",medo
"Que sabor intragável e horrível! Não consigo nem engolir de tão ruim que está.",desgosto
"Que felicidade plena e completa irradia do meu ser neste exato momento!",alegria
"Mano, que vídeo irado! Curti demais kkkk",alegria
"Puts, que bad essa notícia véi :(",tristeza
"WTF?! Que absurdo isso, tô revoltado!",raiva
"Eita! Que susto, quase caí da cadeira O.O",medo
"Credo, que nojento! Bleargh...",desgosto
"Aí sim! Que vibe boa, tô super feliz :D",alegria
"Tô na bad hoje, mó deprê...",tristeza
"Que raiva, bicho! Não acredito nisso >:(",raiva
"Noossa, que inesperado! Fiquei tipo ???",surpresa
"Aí, que medo! Socorro! D:",medo
"Ew, que troço esquisito e fedorento!",desgosto
"Demais esse som! Alegrou meu dia <3",alegria
"Dia chuvoso combina com essa tristeza...",tristeza
"Tô puto! Alguém me segura antes que eu faça besteira!",raiva
"Mds! Não tava esperando por essa, choquei!",surpresa
"Tive um calafrio agora, sinistro...",medo
"Que parada zuada, não gostei nem um pouco.",desgosto
"Hahaha, chorei de rir com esse vídeo!",alegria
"Lágrimas rolando aqui ;_;",tristeza
"Que palhaçada! Que raiva que me dá!",raiva
"Tipo, what? Não entendi nada O_o",surpresa
"Tô com medo real agora, pqp...",medo
"Que bagulho feio e nojento, aff!",desgosto
"Alegria total! Uhuu!",alegria
"Saudade que dói...",tristeza
"Fiquei possesso com essa situação!",raiva
"Caraca! Que plot twist!",surpresa
"Senti um frio na barriga agora...",medo
"Que cheiro de coisa estragada, eca!",desgosto
"Sorrisão no rosto! :))))",alegria
"Hoje não tá fácil, viu...",tristeza
"Que absurdo, mano! Que raiva!",raiva
"Oi? Como assim? Fiquei bugado.",surpresa
"Tô tremendo de medo aqui...",medo
"Que coisa horrorosa, dá ânsia...",desgosto
"Que felicidade, gente! Aaaaa!",alegria
"Coração apertado hoje...",tristeza
"Fiquei muito irritado com isso!",raiva
"Não acredito! Tô passada!",surpresa
"Deu um medinho agora...",medo
"Que gosto amargo, credo!",desgosto
"Que dia lindo! Tô feliz demais!",alegria
"A tristeza bateu forte hoje...",tristeza
"Essa atitude me deixou puto da vida!",raiva
"What?! Chocado!",surpresa
"Quase morri de susto!",medo
"Que lixo, não gostei!",desgosto
"Que vibe positiva! Adorei!",alegria
"Me sinto tão down...",tristeza
"Tô mordido de raiva!",raiva
"Mano, fiquei surpreso real!",surpresa
"Medo nível hard agora...",medo
"Que coisa bizarra e nojenta!",desgosto
"Que alegria contagiante!",alegria
"A bad tá forte hoje...",tristeza
"Que raiva que me deu agora!",raiva
"Tipo, não tô crendo!",surpresa
"Tô cagado de medo!",medo
"Que nojeira sem tamanho!",desgosto
"Que felicidade imensa!",alegria
"A tristeza me pegou de jeito...",tristeza
"Fiquei muito bravo com isso!",raiva
"Nossa, fiquei surpresa!",surpresa
"Medo master!",medo
"Que troço horroroso!",desgosto
"Que alegria sem fim!",alegria
"A bad vibe tá on...",tristeza
"Que raiva, sério!",raiva
"Mds, que surpresa!",surpresa
"Tô com um medo lascado!",medo
"Que coisa escrota!",desgosto
"Que felicidade, galera!",alegria
"A tristeza me invadiu...",tristeza
"Fiquei irritadíssimo!",raiva
"Nossa, que surpresa!",surpresa
"Medo nível hard!",medo
"Que bagulho nojento!",desgosto
"Que alegria, meu povo!",alegria
"A tristeza tá me consumindo...",tristeza
"Que raiva, velho!",raiva
"Mano, que surpresa!",surpresa
"Tô morrendo de medo!",medo
"Que coisa fedida!",desgosto
"Que alegria, que astral!",alegria
"A tristeza me abateu...",tristeza
"Fiquei putasso!",raiva
"Nossa, que baita surpresa!",surpresa
"Medo total!",medo
"Que coisa repugnante!",desgosto
"Que alegria, que show!",alegria
"A tristeza me acompanha...",tristeza
"Que raiva, pqp!",raiva
"Mano, que choque!",surpresa
"Tô apavorado!",medo
"Que coisa asquerosa!",desgosto
"Que alegria, que festa!",alegria
"A tristeza me rodeia...",tristeza
"Que raiva, bicho!",raiva
"Nossa, que surpresão!",surpresa
"Medo puro!",medo
"Que coisa horripilante!",desgosto
"Que alegria, que dia!",alegria
"A tristeza me envolve...",tristeza
"Que raiva, mano!",raiva
"Mano, que surpresa!",surpresa
"Tô cagando de medo!",medo
"Que coisa nojenta!",desgosto
"Que alegria, que vibe!",alegria
"A tristeza me consome...",tristeza
"Que raiva, velho!",raiva
"Nossa, que inesperado!",surpresa
"Medo nível hard!",medo
"Que coisa escrota!",desgosto
"Que alegria, galera!",alegria
"A tristeza me invadiu...",tristeza
"Fiquei irritadíssimo!",raiva
"Nossa, que surpresa!",surpresa
"Medo master!",medo
"Que bagulho nojento!",desgosto
"Que alegria, meu povo!",alegria
"A tristeza tá me consumindo...",tristeza
"Que raiva, velho!",raiva
"Mano, que surpresa!",surpresa
"Tô morrendo de medo!",medo
"Que coisa fedida!",desgosto
"Que alegria, que astral!",alegria
"A tristeza me abateu...",tristeza
"Fiquei putasso!",raiva
"Nossa, que baita surpresa!",surpresa
"Medo total!",medo
"Que coisa repugnante!",desgosto
"Que alegria, que show!",alegria
"A tristeza me acompanha...",tristeza
"Que raiva, pqp!",raiva
"Mano, que choque!",surpresa
"Tô apavorado!",medo
"Que coisa asquerosa!",desgosto
"Que alegria, que festa!",alegria
"A tristeza me rodeia...",tristeza
"Que raiva, bicho!",raiva
"Nossa, que surpresão!",surpresa
"Medo puro!",medo
"Que coisa horripilante!",desgosto
"Que alegria, que dia!",alegria
"A tristeza me envolve...",tristeza
"Que raiva, mano!",raiva
"Mano, que surpresa!",surpresa
"Tô cagando de medo!",medo
"Que coisa nojenta!",desgosto
"Que alegria, que vibe!",alegria
"A tristeza me consome...",tristeza
"Que raiva, velho!",raiva
"Nossa, que inesperado!",surpresa
"Medo nível hard!",medo
"Que coisa escrota!",desgosto
"Que alegria, galera!",alegria
"A tristeza me invadiu...",tristeza
"Fiquei irritadíssimo!",raiva
"Nossa, que surpresa!",surpresa
"Medo master!",medo
"Que bagulho nojento!",desgosto
"Que alegria, meu povo!",alegria
"A tristeza tá me consumindo...",tristeza
"Que raiva, velho!",raiva
"Mano, que surpresa!",surpresa
"Tô morrendo de medo!",medo
"Que coisa fedida!",desgosto
"Que alegria, que astral!",alegria
"A tristeza me abateu...",tristeza
"Fiquei putasso!",raiva
"Nossa, que baita surpresa!",surpresa
"Medo total!",medo
"Que coisa repugnante!",desgosto
"Que alegria, que show!",alegria
"A tristeza me acompanha...",tristeza
"Que raiva, pqp!",raiva
"Mano, que choque!",surpresa
"Tô apavorado!",medo
"Que coisa asquerosa!",desgosto
"Que alegria, que festa!",alegria
"A tristeza me rodeia...",tristeza
"Que raiva, bicho!",raiva
"Nossa, que surpresão!",surpresa
"Medo puro!",medo
"Que coisa horripilante!",desgosto
"Que alegria, que dia!",alegria
"A tristeza me envolve...",tristeza
"Que raiva, mano!",raiva
"Mano, que surpresa!",surpresa
"Tô cagando de medo!",medo
"Que coisa nojenta!",desgosto
"Que alegria, que vibe!",alegria
"A tristeza me consome...",tristeza
"Que raiva, velho!",raiva
"Nossa, que inesperado!",surpresa
"Medo nível hard!",medo
"Que coisa escrota!",desgosto
"Que alegria, galera!",alegria
"A tristeza me invadiu...",tristeza
"Fiquei irritadíssimo!",raiva
"Nossa, que surpresa!",surpresa
"Medo master!",medo
"Que bagulho nojento!",desgosto
"Que alegria, meu povo!",alegria
"A tristeza tá me consumindo...",tristeza
"Que raiva, velho!",raiva
"Mano, que surpresa!",surpresa
"Tô morrendo de medo!",medo
"Que coisa fedida!",desgosto
"Que alegria, que astral!",alegria
"A tristeza me abateu...",tristeza
"Fiquei putasso!",raiva
"Nossa, que baita surpresa!",surpresa
"Medo total!",medo
"Que coisa repugnante!",desgosto
"Que alegria, que show!",alegria
"A tristeza me acompanha...",tristeza
"Que raiva, pqp!",raiva
"Mano, que choque!",surpresa
"Tô apavorado!",medo
"Que coisa asquerosa!",desgosto
"Que alegria, que festa!",alegria
"A tristeza me rodeia...",tristeza
"Que raiva, bicho!",raiva
"Nossa, que surpresão!",surpresa
"Medo puro!",medo
"Que coisa horripilante!",desgosto
"Que alegria, que dia!",alegria
"A tristeza me envolve...",tristeza
"Que raiva, mano!",raiva
"Mano, que surpresa!",surpresa
"Tô cagando de medo!",medo
"Que coisa nojenta!",desgosto
"Que alegria, que vibe!",alegria
"A tristeza me consome...",tristeza
"Que raiva, velho!",raiva
"Nossa, que inesperado!",surpresa
"Medo nível hard!",medo
"Que coisa escrota!",desgosto
"Que alegria, galera!",alegria
"A tristeza me invadiu...",tristeza
"Fiquei irritadíssimo!",raiva
"Nossa, que surpresa!",surpresa
"Medo master!",medo
"Que bagulho nojento!",desgosto
"Que alegria, meu povo!",alegria
"A tristeza tá me consumindo...",tristeza
"Que raiva, velho!",raiva
"Mano, que surpresa!",surpresa
"Tô morrendo de medo!",medo
"Que coisa fedida!",desgosto
"Que alegria, que astral!",alegria
"A tristeza me abateu...",tristeza
"Fiquei putasso!",raiva
"Nossa, que baita surpresa!",surpresa
"Medo total!",medo
"Que coisa repugnante!",desgosto
"Que alegria, que show!",alegria
"A tristeza me acompanha...",tristeza
"Que raiva, pqp!",raiva
"Mano, que choque!",surpresa
"Tô apavorado!",medo
"Que coisa asquerosa!",desgosto
"Que alegria, que festa!",alegria
"A tristeza me rodeia...",tristeza
"Que raiva, bicho!",raiva
"Nossa, que surpresão!",surpresa
"Medo puro!",medo
"Que coisa horripilante!",desgosto
"Que alegria, que dia!",alegria
"A tristeza me envolve...",tristeza
"Que raiva, mano!",raiva
"Mano, que surpresa!",surpresa
"Tô cagando de medo!",medo
"Que coisa nojenta!",desgosto
"Que alegria, que vibe!",alegria
"A tristeza me consome...",tristeza
"Que raiva, velho!",raiva
"Nossa, que inesperado!",surpresa
"Medo nível hard!",medo
"Que coisa escrota!",desgosto
"Que alegria, galera!",alegria
"A tristeza me invadiu...",tristeza
"Fiquei irritadíssimo!",raiva
"Nossa, que surpresa!",surpresa
"Medo master!",medo
"Que bagulho nojento!",desgosto
"Que alegria, meu povo!",alegria
"A tristeza tá me consumindo...",tristeza
"Que raiva, velho!",raiva
"Mano, que surpresa!",surpresa
"Tô morrendo de medo!",medo
"Que coisa fedida!",desgosto
"Que alegria, que astral!",alegria
"A tristeza me abateu...",tristeza
"Fiquei putasso!",raiva
"Nossa, que baita surpresa!",surpresa
"Medo total!",medo
"Que coisa repugnante!",desgosto
"Que alegria, que show!",alegria
"A tristeza me acompanha...",tristeza
"Que raiva, pqp!",raiva
"Mano, que choque!",surpresa
"Tô apavorado!",medo
"Que coisa asquerosa!",desgosto
"Que alegria, que festa!",alegria
"A tristeza me rodeia...",tristeza
"Que raiva, bicho!",raiva
"Nossa, que surpresão!",surpresa
"Medo puro!",medo
"Que coisa horripilante!",desgosto
"Que alegria, que dia!",alegria
"A tristeza me envolve...",tristeza
"Que raiva, mano!",raiva
"Mano, que surpresa!",surpresa
"Tô cagando de medo!",medo
"Que coisa nojenta!",desgosto
"Que alegria, que vibe!",alegria
"A tristeza me consome...",tristeza
"Que raiva, velho!",raiva
"Nossa, que inesperado!",surpresa
"Medo nível hard!",medo
"Que coisa escrota!",desgosto
"Que alegria, galera!",alegria
"A tristeza me invadiu...",tristeza
"Fiquei irritadíssimo!",raiva
"Nossa, que surpresa!",surpresa
"Medo master!",medo
"Que bagulho nojento!",desgosto
"Que alegria, meu povo!",alegria
"A tristeza tá me consumindo...",tristeza
"Que raiva, velho!",raiva
"Mano, que surpresa!",surpresa
"Tô morrendo de medo!",medo
"Que coisa fedida!",desgosto
"Que alegria, que astral!",alegria
"A tristeza me abateu...",tristeza
"Fiquei putasso!",raiva
"Nossa, que baita surpresa!",surpresa
"Medo total!",medo
"Que coisa repugnante!",desgosto
"Que alegria, que show!",alegria
"A tristeza me acompanha...",tristeza
"Que raiva, pqp!",raiva
"Mano, que choque!",surpresa
"Tô apavorado!",medo
"Que coisa asquerosa!",desgosto
"Que alegria, que festa!",alegria
"A tristeza me rodeia...",tristeza
"Que raiva, bicho!",raiva
"Nossa, que surpresão!",surpresa
"Medo puro!",medo
"Que coisa horripilante!",desgosto
"Que alegria, que dia!",alegria
"A tristeza me envolve...",tristeza
"Que raiva, mano!",raiva
"Mano, que surpresa!",surpresa
"Tô cagando de medo!",medo
"Que coisa nojenta!",desgosto
"Que alegria, que vibe!",alegria
"Hahahahaha, muito bom!",alegria
"Que bad, to tristão...",tristeza
"Putz grila, que raiva!",raiva
"Eita, que susto mané!",medo
"Afff, que nojo!",desgosto
"Aí sim, alegria total!",alegria
"Hoje o dia tá mó fossa...",tristeza
"Que raiva que me deu!",raiva
"Uau, não esperava essa!",surpresa
"Ai, que medo, tô tremendo!",medo
"Credo, que coisa horrorosa!",desgosto
"Amei demais, super feliz!",alegria
"Tô na depre total hoje...",tristeza
"Que raiva, vontade de xingar!",raiva
"Mano, fiquei de cara!",surpresa
"Tô com medo real agora!",medo
"Que parada sinistra!",desgosto
"Kkkkkkkk, ri demais!",alegria
"Lágrimas escorrendo aqui...",tristeza
"Que absurdo, tô puto!",raiva
"Tipo, what?!",surpresa
"Tô morrendo de medo!",medo
"Que bagulho zuado!",desgosto
"Alegria que não cabe em mim!",alegria
"Saudade aperta forte...",tristeza
"Fiquei possesso de raiva!",raiva
"Caraca, que reviravolta!",surpresa
"Senti um arrepio agora...",medo
"Que cheiro bizarro!",desgosto
"Sorrisão na cara!",alegria
"Dia meio bosta hoje...",tristeza
"Que raiva, não aguento!",raiva
"Mds, fiquei chocada!",surpresa
"Tô com um cagaço...",medo
"Que coisa fedida!",desgosto
"Que felicidade, galera!",alegria
"Coração na mão agora...",tristeza
"Fiquei muito irritado!",raiva
"Não tô acreditando nisso!",surpresa
"Deu um frio na espinha...",medo
"Que gosto horrível!",desgosto
"Que dia top, tô felizão!",alegria
"A tristeza me pegou...",tristeza
"Essa atitude me deixou bolado!",raiva
"Tipo, what the fuck?!",surpresa
"Quase infartei de susto!",medo
"Que lixo de vídeo!",desgosto
"Que vibe boa, curti!",alegria
"Me sentindo mó lixo hoje...",tristeza
"Tô mordido de raiva aqui!",raiva
"Mano, fiquei surpreso real oficial!",surpresa
"Medo nível hard total!",medo
"Que parada nojenta!",desgosto
"Que alegria, contagiou!",alegria
"A bad tá sinistra hoje...",tristeza
"Que raiva que me sobe!",raiva
"Tipo, tô bugado real!",surpresa
"Tô tremendo que nem vara verde!",medo
"Que troço esquisito!",desgosto
"Que felicidade, aêêê!",alegria
"A tristeza bateu forte...",tristeza
"Fiquei muito bravo com isso!",raiva
"Nossa, fiquei de boca aberta!",surpresa
"Deu um medão agora...",medo
"Que gosto amargo da porra!",desgosto
"Que dia maravilhoso, tô na good!",alegria
"A tristeza me invadiu...",tristeza
"Essa parada me deixou puto!",raiva
"Tipo, não tô entendendo nada!",surpresa
"Quase tive um ataque de pânico!",medo
"Que coisa horrorosa, affff!",desgosto
"Que alegria sem tamanho!",alegria
"A bad me pegou de jeito...",tristeza
"Que raiva, vontade de quebrar tudo!",raiva
"Mano, fiquei tipo ??????",surpresa
"Tô com um medo do caramba!",medo
"Que bagulho esquisito e fedorento!",desgosto
"Que felicidade, uhuuuuu!",alegria
"Coração apertado demais...",tristeza
"Fiquei muito irritado com essa merda!",raiva
"Não acredito no que vi!",surpresa
"Deu um calafrio sinistro agora...",medo
"Que parada nojenta e fedida!",desgosto
"Que alegria que não se explica!",alegria
"A tristeza tá me consumindo...",tristeza
"Que raiva, não aguento mais!",raiva
"Mano, fiquei de cara total!",surpresa
"Tô cagado de medo real!",medo
"Que troço bizarro e nojento!",desgosto
"Que felicidade, tô nas nuvens!",alegria
"A tristeza me abateu de vez...",tristeza
"Fiquei possesso com essa palhaçada!",raiva
"Caraca, que plot twist inesperado!",surpresa
"Senti um arrepio na espinha agora...",medo
"Que cheiro de coisa podre, credo!",desgosto
"Sorrisão estampado na cara!",alegria
"Dia de fossa total hoje...",tristeza
"Que raiva que me deu, pqp!",raiva
"Mds, fiquei chocada real oficial!",surpresa
"Tô tremendo que nem vara verde agora!",medo
"Que parada sinistra e fedorenta!",desgosto
"Que alegria que transborda!",alegria
"A tristeza bateu forte e doeu...",tristeza
"Fiquei muito bravo com essa injustiça!",raiva
"Nossa, fiquei de boca aberta com isso!",surpresa
"Deu um medão sinistro agora...",medo
"Que gosto amargo e ruim demais!",desgosto
"Que dia maravilhoso, tô na maior good vibe!",alegria
"A tristeza me invadiu de repente...",tristeza
"Essa atitude me deixou puto da vida real!",raiva
"Tipo, what the actual fuck?!",surpresa
"Quase tive um ataque de pânico agora!",medo
"Que lixo de vídeo, não gostei nada!",desgosto
"Que vibe boa demais, curti demais!",alegria
"Me sentindo mó bosta hoje, sério...",tristeza
"Tô mordido de raiva nível hard!",raiva
"Mano, fiquei surpreso real oficial mesmo!",surpresa
"Medo nível hard total e absoluto!",medo
"Que parada nojenta e bizarra!",desgosto
"Que alegria que contagia todo mundo!",alegria
"A bad tá sinistra demais hoje...",tristeza
"Que raiva que me sobe à cabeça!",raiva
"Tipo, tô bugado real oficial agora!",surpresa
"Tô tremendo que nem gelatina de medo!",medo
"Que troço esquisito e fedorento demais!",desgosto
"Que felicidade, aêêêêê!",alegria
"A tristeza bateu forte no coração...",tristeza
"Fiquei muito bravo com essa sacanagem!",raiva
"Nossa, fiquei de boca aberta de verdade!",surpresa
"Deu um medão do caramba agora...",medo
"Que gosto amargo e horrível demais!",desgosto
"Que dia top demais, tô felizão da vida!",alegria
"A tristeza me invadiu sem pedir licença...",tristeza
"Essa parada me deixou puto da vida total!",raiva
"Tipo, não tô entendendo absolutamente nada!",surpresa
"Quase tive um ataque de pânico real agora!",medo
"Que coisa horrorosa e fedida demais!",desgosto
"Que alegria sem tamanho e indescritível!",alegria
"A bad me pegou de jeito hoje...",tristeza
"Que raiva, vontade de tacar fogo em tudo!",raiva
"Mano, fiquei tipo ?????????????",surpresa
"Tô com um medo do caramba e mais um pouco!",medo
"Que bagulho esquisito, fedorento e nojento!",desgosto
"Aí sim, alegria que não cabe em mim de tanta!",alegria
"Hoje o dia tá mó fossa e nada me anima...",tristeza
"Que raiva que me deu, vontade de dar uns socos!",raiva
"Mano, fiquei de cara total e não tô acreditando!",surpresa
"Tô com medo real oficial e não consigo me acalmar!",medo
"Que parada sinistra, nojenta e fedorenta!",desgosto
"Kkkkkkkkkkkk, ri demais da conta!",alegria
"Lágrimas escorrendo aqui sem parar...",tristeza
"Que absurdo, tô puto da vida real oficial!",raiva
"Tipo, what the actual hell is going on?!",surpresa
"Tô morrendo de medo e não consigo respirar direito!",medo
"Que bagulho zuado, fedorento e nojento demais!",desgosto
"Alegria que transborda e contagia todo mundo!",alegria
"Saudade aperta forte no peito e dói demais...",tristeza
"Fiquei possesso de raiva e quero explodir!",raiva
"Caraca, que reviravolta inesperada e chocante!",surpresa
"Senti um arrepio sinistro percorrendo todo o corpo agora...",medo
"Que cheiro bizarro, podre e insuportável!",desgosto
"Sorrisão estampado na cara de orelha a orelha!",alegria
"Dia de fossa total e nada me faz sorrir...",tristeza
"Que raiva que me deu, vontade de sair correndo!",raiva
"Mds, fiquei chocada real oficial e sem palavras!",surpresa
"Tô tremendo que nem vara verde de tanto medo agora!",medo
"Que parada sinistra, fedorenta e nojenta demais da conta!",desgosto
"Que alegria que transborda e ilumina tudo ao redor!",alegria
"A tristeza bateu forte no coração e deixou uma marca...",tristeza
"Fiquei muito bravo com essa injustiça e quero justiça!",raiva
"Nossa, fiquei de boca aberta com isso e não consigo fechar!",surpresa
"Deu um medão sinistro e gelado percorrendo a espinha agora...",medo
"Que gosto amargo, ruim e persistente demais na boca!",desgosto
"Que dia maravilhoso e ensolarado, tô na maior good vibe possível!",alegria
"A tristeza me invadiu de repente e sem pedir permissão...",tristeza
"Essa atitude me deixou puto da vida real oficial e muito revoltado!",raiva
"Tipo, what the actual fuck is happening right now?!",surpresa
"Quase tive um ataque de pânico real e achei que ia morrer de medo!",medo
"Que lixo de vídeo, não gostei absolutamente nada e perdi meu tempo!",desgosto
"Que vibe boa demais, curti demais e vou compartilhar com todo mundo!",alegria
"Me sentindo mó bosta hoje, sério mesmo, nada me anima...",tristeza
"Tô mordido de raiva nível hard master e querendo descontar em alguém!",raiva
"Mano, fiquei surpreso real oficial mesmo e não consigo acreditar no que vi!",surpresa
"Medo nível hard total e absoluto, tô quase tendo um treco de tanto pavor!",medo
"Que parada nojenta, bizarra e fedorenta demais, quero distância disso!",desgosto
"Que alegria que contagia todo mundo e deixa o dia mais leve e feliz!",alegria
"A bad tá sinistra demais hoje e parece que não vai passar tão cedo...",tristeza
"Que raiva que me sobe à cabeça e me faz querer gritar com todo mundo!",raiva
"Tipo, tô bugado real oficial agora e não consigo processar o que aconteceu!",surpresa
"Tô tremendo que nem gelatina de medo e minhas pernas estão bambas!",medo
"Que troço esquisito, fedorento e nojento demais, preciso urgentemente lavar meus olhos!",desgosto
"Que felicidade, aêêêêêêêêê, hoje o dia é nosso e vamos comemorar muito!",alegria
"A tristeza bateu forte no coração e deixou uma ferida que vai demorar a cicatrizar...",tristeza
"Fiquei muito bravo com essa sacanagem e quero justiça o mais rápido possível!",raiva
"Nossa, fiquei de boca aberta com isso e minha mente explodiu de tanta surpresa!",surpresa
"Deu um medão do caramba e meu coração começou a disparar sem parar agora!",medo
"Que gosto amargo e horrível demais, preciso urgentemente de algo doce pra tirar isso da boca!",desgosto
"Que dia maravilhoso e ensolarado, tô na maior good vibe possível e nada vai estragar meu humor!",alegria
"A tristeza me invadiu de repente e sem pedir permissão, como uma onda escura e fria...",tristeza
"Essa atitude me deixou puto da vida real oficial e muito revoltado, quero dar uns bons gritos!",raiva
"Tipo, what the actual fuck is happening right now?! Não tô entendendo absolutamente nada do que tá rolando!",surpresa
"Quase tive um ataque de pânico real e achei que ia morrer de medo, meu corpo todo começou a tremer!",medo
"Que lixo de vídeo, não gostei absolutamente nada e ainda perdi um tempo precioso assistindo essa porcaria!",desgosto
"Que vibe boa demais, curti demais e vou compartilhar com todo mundo, esse vídeo merece viralizar!",alegria
"Me sentindo mó bosta hoje, sério mesmo, nada me anima e só queria ficar deitado na cama...",tristeza
"Tô mordido de raiva nível hard master e querendo descontar em alguém, alguém se voluntaria pra ser meu saco de pancadas?",raiva
"Mano, fiquei surpreso real oficial mesmo e não consigo acreditar no que vi, tô tipo em choque!",surpresa
"Medo nível hard total e absoluto, tô quase tendo um treco de tanto pavor, alguém me segura pelo amor de Deus!",medo
"Que parada nojenta, bizarra e fedorenta demais, quero distância disso e preciso urgentemente de um banho!",desgosto
"Que alegria que contagia todo mundo e deixa o dia mais leve e feliz, obrigado por esse vídeo incrível!",alegria
"A bad tá sinistra demais hoje e parece que não vai passar tão cedo, só queria um abraço apertado agora...",tristeza
"Que raiva que me sobe à cabeça e me faz querer gritar com todo mundo, alguém tem um calmante pra me dar?",raiva
"Tipo, tô bugado real oficial agora e não consigo processar o que aconteceu, minha mente deu um nó!",surpresa
"Tô tremendo que nem gelatina de medo e minhas pernas estão bambas, preciso urgentemente de um lugar pra sentar!",medo
"Que troço esquisito, fedorento e nojento demais, preciso urgentemente lavar meus olhos com água sanitária!",desgosto
"Que felicidade, aêêêêêêêêêêêê, hoje o dia é nosso e vamos comemorar muito com pizza e refrigerante!",alegria
"A tristeza bateu forte no coração e deixou uma ferida que vai demorar a cicatrizar, preciso de um ombro amigo agora...",tristeza
"Fiquei muito bravo com essa sacanagem e quero justiça o mais rápido possível, vou acionar meus advogados!",raiva
"Nossa, fiquei de boca aberta com isso e minha mente explodiu de tanta surpresa, preciso de um tempo pra processar tudo!",surpresa
"Deu um medão do caramba e meu coração começou a disparar sem parar agora, acho que vou ter um ataque cardíaco!",medo
"Que gosto amargo, ruim e persistente demais na boca, preciso urgentemente de algo doce pra tirar essa amargura!",desgosto
"Que dia maravilhoso e ensolarado, tô na maior good vibe possível e nada vai estragar meu humor, hoje vai ser incrível!",alegria
"A tristeza me invadiu de repente e sem pedir permissão, como uma onda escura e fria, me afogando em lágrimas...",tristeza
"Essa atitude me deixou puto da vida real oficial e muito revoltado, quero dar uns bons gritos e quebrar alguma coisa!",raiva
"Tipo, what the actual fuck is happening right now?! Não tô entendendo absolutamente nada do que tá rolando, alguém me explica?!",surpresa
"Quase tive um ataque de pânico real e achei que ia morrer de medo, meu corpo todo começou a tremer e fiquei sem ar!",medo
"Que lixo de vídeo, não gostei absolutamente nada e ainda perdi um tempo precioso assistindo essa porcaria, denúncia!",desgosto
"Que vibe boa demais, curti demais e vou compartilhar com todo mundo, esse vídeo merece viralizar e chegar aos trending topics!",alegria
"Me sentindo mó bosta hoje, sério mesmo, nada me anima e só queria ficar deitado na cama vendo série e comendo chocolate...",tristeza
"Tô mordido de raiva nível hard master e querendo descontar em alguém, alguém se voluntaria pra ser meu saco de pancadas? Tô no limite!",raiva
"Mano, fiquei surpreso real oficial mesmo e não consigo acreditar no que vi, tô tipo em choque e preciso de um tempo pra assimilar tudo!",surpresa
"Medo nível hard total e absoluto, tô quase tendo um treco de tanto pavor, alguém me segura pelo amor de Deus e me dá um calmante!",medo
"Hahaha, muito bom esse vídeo!",alegria
"Que bad vibe, tô tristão aqui...",tristeza
"Putz, que raiva que dá!",raiva
"Eita, que susto, quase caí!",medo
"Afff, que nojento, bleh!",desgosto
"Aí sim, pura alegria!",alegria
"Hoje o dia tá mó deprimente...",tristeza
"Que raiva, vontade de dar uns gritos!",raiva
"Uau, essa eu não esperava!",surpresa
"Ai, que medo, tô todo arrepiado!",medo
"Credo, que coisa feia!",desgosto
"Amei demais, super feliz com isso!",alegria
"Tô na fossa total hoje...",tristeza
"Que raiva, vontade de mandar uns palavrões!",raiva
"Mano, fiquei de cara com essa!",surpresa
"Tô com medo real agora, socorro!",medo
"Que parada bizarra!",desgosto
"Kkkkk, chorei de rir aqui!",alegria
"Lágrimas nos olhos agora...",tristeza
"Que absurdo, tô revoltado demais!",raiva
"Tipo, what?! Não entendi nada...",surpresa
"Tô morrendo de medo, juro!",medo
"Que bagulho zuado, não curti!",desgosto
"Alegria total, uhuuu!",alegria
"Saudade que não passa...",tristeza
"Fiquei possesso de raiva, mano!",raiva
"Caraca, que plot twist doido!",surpresa
"Senti um calafrio agora, sinistro...",medo
"Que cheiro estranho e ruim!",desgosto
"Sorrisão no rosto de ponta a ponta!",alegria
"Dia meio down hoje...",tristeza
"Que raiva, não aguento mais isso!",raiva
"Mds, fiquei chocada real!",surpresa
"Tô com um cagaço danado!",medo
"Que coisa fedida, eca!",desgosto
"Que felicidade, galera, tamo junto!",alegria
"Coração apertado hoje, sei lá porquê...",tristeza
"Fiquei muito irritado com essa situação!",raiva
"Não tô acreditando no que tô vendo!",surpresa
"Deu um frio na barriga agora...",medo
"Que gosto horrível, credo em cruz!",desgosto
"Que dia lindo, tô felizão da vida!",alegria
"A tristeza me pegou de jeito hoje...",tristeza
"Essa atitude me deixou bolado demais!",raiva
"Tipo, what the heck?!",surpresa
"Quase tive um treco de susto!",medo
"Que lixo de vídeo, perdi meu tempo!",desgosto
"Que vibe boa, adorei demais!",alegria
"Me sentindo mó depre hoje...",tristeza
"Tô mordido de raiva aqui, viu!",raiva
"Mano, fiquei surpreso pra caramba!",surpresa
"Medo nível hard total agora!",medo
"Que parada nojenta, afff!",desgosto
"Que alegria contagiante, demais!",alegria
"A bad tá forte hoje, viu...",tristeza
"Que raiva que me deu agora, sério!",raiva
"Tipo, tô bugado real oficial!",surpresa
"Tô tremendo que nem vara verde de medo!",medo
"Que troço esquisito e fedorento demais!",desgosto
"Que felicidade, aêêêêê!",alegria
"A tristeza bateu forte hoje...",tristeza
"Fiquei muito bravo com essa parada!",raiva
"Nossa, fiquei de boca aberta!",surpresa
"Deu um medinho agora, confesso...",medo
"Que gosto amargo da porra, credo!",desgosto
"Que dia maravilhoso, tô na good vibes!",alegria
"A tristeza me invadiu de repente...",tristeza
"Essa parada me deixou puto da vida!",raiva
"Tipo, não tô entendendo nada disso!",surpresa
"Quase tive um ataque de pânico agora!",medo
"Que coisa horrorosa, dá ânsia!",desgosto
"Que alegria sem tamanho, demais!",alegria
"A bad me pegou de jeito hoje...",tristeza
"Que raiva, vontade de explodir!",raiva
"Mano, fiquei tipo ???? Que rolou?",surpresa
"Tô com um medo do caramba agora!",medo
"Que bagulho esquisito e fedorento, aff!",desgosto
"Que felicidade, uhuuuuu!",alegria
"Coração apertado demais hoje...",tristeza
"Fiquei muito irritado com essa merda toda!",raiva
"Não acredito no que meus olhos viram!",surpresa
"Deu um calafrio sinistro agora...",medo
"Que parada nojenta e fedida, credo!",desgosto
"Que alegria que não se explica, demais!",alegria
"A tristeza tá me consumindo aos poucos...",tristeza
"Que raiva, não aguento mais essa situação!",raiva
"Mano, fiquei de cara total, juro!",surpresa
"Tô cagado de medo real oficial!",medo
"Que troço bizarro e nojento, credo!",desgosto
"Que felicidade, tô nas nuvens hoje!",alegria
"A tristeza me abateu de vez hoje...",tristeza
"Fiquei possesso com essa palhaçada toda!",raiva
"Caraca, que plot twist inesperado e doido!",surpresa
"Senti um arrepio na espinha agora, sinistro!",medo
"Que cheiro de coisa podre, que horror!",desgosto
"Sorrisão estampado na cara, alegria pura!",alegria
"Dia de fossa total, nada me anima...",tristeza
"Que raiva que me deu, vontade de sair correndo!",raiva
"Mds, fiquei chocada real oficial, sem palavras!",surpresa
"Tô tremendo que nem vara verde de tanto medo!",medo
"Que parada sinistra e fedorenta, credo!",desgosto
"Que alegria que transborda, contagiou!",alegria
"A tristeza bateu forte e doeu aqui...",tristeza
"Fiquei muito bravo com essa injustiça toda!",raiva
"Nossa, fiquei de boca aberta com essa!",surpresa
"Deu um medão sinistro agora, juro!",medo
"Que gosto amargo e ruim demais, credo!",desgosto
"Que dia maravilhoso, tô na maior good vibe!",alegria
"A tristeza me invadiu de repente, sei lá...",tristeza
"Essa atitude me deixou puto da vida real!",raiva
"Tipo, what the actual fuck is this?!",surpresa
"Quase tive um ataque de pânico agora, juro!",medo
"Que lixo de vídeo, não gostei nada mesmo!",desgosto
"Que vibe boa demais, curti demais essa!",alegria
"Me sentindo mó bosta hoje, sério...",tristeza
"Tô mordido de raiva nível hard agora!",raiva
"Mano, fiquei surpreso real oficial mesmo!",surpresa
"Medo nível hard total e absoluto agora!",medo
"Que parada nojenta e bizarra, credo!",desgosto
"Que alegria que contagia todo mundo aqui!",alegria
"A bad tá sinistra demais hoje, viu...",tristeza
"Que raiva que me sobe à cabeça agora!",raiva
"Tipo, tô bugado real oficial agora, juro!",surpresa
"Tô tremendo que nem gelatina de medo agora!",medo
"Que troço esquisito e fedorento demais, credo!",desgosto
"Que felicidade, aêêêêêêê!",alegria
"A tristeza bateu forte no coração hoje...",tristeza
"Fiquei muito bravo com essa sacanagem toda!",raiva
"Nossa, fiquei de boca aberta de verdade!",surpresa
"Deu um medão do caramba agora, juro!",medo
"Que gosto amargo e horrível demais, credo!",desgosto
"Que dia top demais, tô felizão da vida!",alegria
"A tristeza me invadiu sem pedir licença...",tristeza
"Essa parada me deixou puto da vida total!",raiva
"Tipo, não tô entendendo absolutamente nada!",surpresa
"Quase tive um ataque de pânico real agora!",medo
"Que coisa horrorosa e fedida demais, credo!",desgosto
"Que alegria sem tamanho e indescritível!",alegria
"A bad me pegou de jeito hoje, sério...",tristeza
"Que raiva, vontade de tacar fogo em tudo!",raiva
"Mano, fiquei tipo ????????????? Que rolou?",surpresa
"Tô com um medo do caramba e mais um pouco!",medo
"Que bagulho esquisito, fedorento e nojento, credo!",desgosto
"Aí sim, alegria que não cabe em mim de tanta!",alegria
"Hoje o dia tá mó fossa e nada me anima, aff!",tristeza
"Que raiva que me deu, vontade de dar uns socos!",raiva
"Mano, fiquei de cara total e não tô acreditando!",surpresa
"Tô com medo real oficial e não consigo me acalmar!",medo
"Que parada sinistra, nojenta e fedorenta, credo!",desgosto
"Kkkkkkkkkkkk, ri demais da conta aqui!",alegria
"Lágrimas escorrendo aqui sem parar agora...",tristeza
"Que absurdo, tô puto da vida real oficial!",raiva
"Tipo, what the actual hell is going on here?!",surpresa
"Tô morrendo de medo e não consigo respirar direito!",medo
"Que bagulho zuado, fedorento e nojento demais, credo!",desgosto
"Alegria que transborda e contagia todo mundo!",alegria
"Saudade aperta forte no peito e dói demais aqui...",tristeza
"Fiquei possesso de raiva e quero explodir agora!",raiva
"Caraca, que reviravolta inesperada e chocante!",surpresa
"Senti um arrepio sinistro percorrendo todo o corpo!",medo
"Que cheiro bizarro, podre e insuportável, credo!",desgosto
"Sorrisão estampado na cara de orelha a orelha agora!",alegria
"Dia de fossa total e nada me faz sorrir hoje...",tristeza
"Que raiva que me deu, vontade de sair correndo daqui!",raiva
"Mds, fiquei chocada real oficial e sem palavras agora!",surpresa
"Tô tremendo que nem vara verde de tanto medo agora!",medo
"Que parada sinistra, fedorenta e nojenta demais da conta!",desgosto
"Que alegria que transborda e ilumina tudo ao redor!",alegria
"A tristeza bateu forte no coração e deixou uma marca...",tristeza
"Fiquei muito bravo com essa injustiça e quero justiça!",raiva
"Nossa, fiquei de boca aberta com isso e não consigo fechar!",surpresa
"Deu um medão sinistro e gelado percorrendo a espinha!",medo
"Que gosto amargo, ruim e persistente demais na boca!",desgosto
"Que dia maravilhoso e ensolarado, tô na maior good vibe possível!",alegria
"A tristeza me invadiu de repente e sem pedir permissão...",tristeza
"Essa atitude me deixou puto da vida real oficial e muito revoltado!",raiva
"Tipo, what the actual fuck is happening right now?!",surpresa
"Quase tive um ataque de pânico real e achei que ia morrer de medo!",medo
"Que lixo de vídeo, não gostei absolutamente nada e perdi meu tempo!",desgosto
"Que vibe boa demais, curti demais e vou compartilhar!",alegria
"Me sentindo mó bosta hoje, sério mesmo, nada me anima...",tristeza
"Tô mordido de raiva nível hard master e querendo descontar!",raiva
"Mano, fiquei surpreso real oficial mesmo e não consigo acreditar!",surpresa
"Medo nível hard total e absoluto, tô quase tendo um treco!",medo
"Que parada nojenta, bizarra e fedorenta demais!",desgosto
"Que alegria que contagia todo mundo e deixa o dia feliz!",alegria
"A bad tá sinistra demais hoje e parece que não vai passar...",tristeza
"Que raiva que me sobe à cabeça e me faz querer gritar!",raiva
"Tipo, tô bugado real oficial agora e não consigo processar!",surpresa
"Tô tremendo que nem gelatina de medo e minhas pernas bambas!",medo
"Que troço esquisito, fedorento e nojento demais, credo!",desgosto
"Que felicidade, aêêêêêêêêê, hoje o dia é nosso!",alegria
"A tristeza bateu forte no coração e deixou uma ferida...",tristeza
"Fiquei muito bravo com essa sacanagem e quero justiça!",raiva
"Nossa, fiquei de boca aberta com isso e minha mente explodiu!",surpresa
"Deu um medão do caramba e meu coração começou a disparar!",medo
"Que gosto amargo e horrível demais, preciso de algo doce!",desgosto
"Que dia maravilhoso e ensolarado, tô na maior good vibe!",alegria
"A tristeza me invadiu de repente e sem pedir permissão...",tristeza
"Essa atitude me deixou puto da vida real oficial e revoltado!",raiva
"Tipo, what the actual fuck is happening right now?! Não entendo!",surpresa
"Quase tive um ataque de pânico real e achei que ia morrer!",medo
"Que lixo de vídeo, não gostei absolutamente nada e perdi tempo!",desgosto
"Que vibe boa demais, curti demais e vou compartilhar com todos!",alegria
"Me sentindo mó bosta hoje, sério mesmo, nada me anima...",tristeza
"Tô mordido de raiva nível hard master e querendo descontar em alguém!",raiva
"Mano, fiquei surpreso real oficial mesmo e não consigo acreditar no que vi!",surpresa
"Medo nível hard total e absoluto, tô quase tendo um treco de tanto pavor!",medo
"Que parada nojenta, bizarra e fedorenta demais, quero distância!",desgosto
"Que alegria que contagia todo mundo e deixa o dia mais leve!",alegria
"A bad tá sinistra demais hoje e parece que não vai passar tão cedo...",tristeza
"Que raiva que me sobe à cabeça e me faz querer gritar com todos!",raiva
"Tipo, tô bugado real oficial agora e não consigo processar o que rolou!",surpresa
"Tô tremendo que nem gelatina de medo e minhas pernas estão bambas!",medo
"Que troço esquisito, fedorento e nojento demais, preciso lavar meus olhos!",desgosto
"Que felicidade, aêêêêêêêêêêê, hoje o dia é nosso e vamos comemorar!",alegria
"A tristeza bateu forte no coração e deixou uma ferida que vai demorar...",tristeza
"Fiquei muito bravo com essa sacanagem e quero justiça o mais rápido possível!",raiva
"Nossa, fiquei de boca aberta com isso e minha mente explodiu de surpresa!",surpresa
"Deu um medão do caramba e meu coração começou a disparar sem parar!",medo
"Que gosto amargo e horrível demais, preciso urgentemente de algo doce!",desgosto
"Que dia maravilhoso e ensolarado, tô na maior good vibe possível e nada vai estragar!",alegria
"A tristeza me invadiu de repente e sem pedir permissão, como uma onda escura...",tristeza
"Essa atitude me deixou puto da vida real oficial e muito revoltado, quero gritar!",raiva
"Tipo, what the actual fuck is happening right now?! Não tô entendendo nada!",surpresa
"Quase tive um ataque de pânico real e achei que ia morrer de medo, meu corpo tremeu!",medo
"Que lixo de vídeo, não gostei absolutamente nada e ainda perdi um tempo precioso!",desgosto
"Que vibe boa demais, curti demais e vou compartilhar com todo mundo, merece viralizar!",alegria
"Me sentindo mó bosta hoje, sério mesmo, nada me anima e só queria ficar deitado...",tristeza
"Tô mordido de raiva nível hard master e querendo descontar em alguém, alguém se voluntaria?",raiva
"Mano, fiquei surpreso real oficial mesmo e não consigo acreditar no que vi, tô em choque!",surpresa
"Medo nível hard total e absoluto, tô quase tendo um treco de tanto pavor, alguém me segura!",medo
"Que parada nojenta, bizarra e fedorenta demais, quero distância e preciso de um banho!",desgosto
"Que alegria que contagia todo mundo e deixa o dia mais leve e feliz, obrigado pelo vídeo!",alegria
"A bad tá sinistra demais hoje e parece que não vai passar tão cedo, só queria um abraço...",tristeza
"Que raiva que me sobe à cabeça e me faz querer gritar com todo mundo, alguém tem um calmante?",raiva
"Tipo, tô bugado real oficial agora e não consigo processar o que aconteceu, minha mente deu um nó!",surpresa
"Hahahaha, muito bom mesmo!",alegria
"Que bad, tô na mó tristeza...",tristeza
"Putz, que raiva, viu?!",raiva
"Eita, que susto, quase infartei!",medo
"Afff, que nojo, credo!",desgosto
"Aí sim, alegria que irradia!",alegria
"Hoje o dia tá super down...",tristeza
"Que raiva, vontade de dar uns tapas!",raiva
"Uau, essa me pegou de surpresa!",surpresa
"Ai, que medo, tô gelado!",medo
"Credo, que coisa horrorosa, socorro!",desgosto
"Amei demais, tô super felizona!",alegria
"Tô na bad total hoje, aff...",tristeza
"Que raiva, vontade de chutar um poste!",raiva
"Mano, fiquei de boca aberta real!",surpresa
"Tô com medo real oficial agora!",medo
"Que parada sinistra total!",desgosto
"Kkkkkkkkk, chorei litros de rir!",alegria
"Lágrimas escorrendo sem parar...",tristeza
"Que absurdo, tô revoltadíssimo!",raiva
"Tipo, what the hell?!",surpresa
"Tô morrendo de medo, não é brincadeira!",medo
"Que bagulho zuado, zero estrelas!",desgosto
"Alegria que não se contém!",alegria
"Saudade que aperta o peito...",tristeza
"Fiquei possesso de raiva, juro!",raiva
"Caraca, que plot twist insano!",surpresa
"Senti um arrepio na espinha agora...",medo
"Que cheiro de coisa estragada, eca!",desgosto
"Sorrisão de orelha a orelha!",alegria
"Dia meio meh hoje...",tristeza
"Que raiva, não aguento essa palhaçada!",raiva
"Mds, fiquei chocada de verdade!",surpresa
"Tô com um cagaço master!",medo
"Que coisa fedida e nojenta!",desgosto
"Que felicidade, galera, energia total!",alegria
"Coração na mão, tenso demais...",tristeza
"Fiquei muito irritado com isso, sério!",raiva
"Não tô acreditando no que aconteceu!",surpresa
"Deu um frio na barriga agora, viu...",medo
"Que gosto horrível, dá vontade de vomitar!",desgosto
"Que dia top, tô feliz pra caramba!",alegria
"A tristeza me invadiu de repente...",tristeza
"Essa atitude me deixou puto da vida!",raiva
"Tipo, what the fock?!",surpresa
"Quase tive um ataque cardíaco de susto!",medo
"Que lixo de vídeo, nem percam tempo!",desgosto
"Que vibe boa, curti demais, parabéns!",alegria
"Me sentindo mó bad vibes hoje...",tristeza
"Tô mordido de raiva, alguém me segura!",raiva
"Mano, fiquei surpreso nível hard!",surpresa
"Medo nível expert agora!",medo
"Que parada nojenta e bizarra!",desgosto
"Que alegria que contagia a todos!",alegria
"A bad tá sinistra hoje, não tá fácil...",tristeza
"Que raiva que me sobe à cabeça!",raiva
"Tipo, tô bugado real oficial, não entendi!",surpresa
"Tô tremendo que nem gelatina de medo!",medo
"Que troço esquisito e fedorento, afff!",desgosto
"Que felicidade, aêêêêêê!",alegria
"A tristeza bateu forte no coração...",tristeza
"Fiquei muito bravo com essa injustiça!",raiva
"Nossa, fiquei de queixo caído!",surpresa
"Deu um medinho agora, confesso...",medo
"Que gosto amargo e ruim demais!",desgosto
"Que dia maravilhoso, tô na good total!",alegria
"A tristeza me pegou desprevenido...",tristeza
"Essa parada me deixou puto da vida real!",raiva
"Tipo, não tô entendendo absolutamente nada!",surpresa
"Quase tive um piripaque de medo!",medo
"Que coisa horrorosa, credo em cruz!",desgosto
"Que alegria sem limites!",alegria
"A bad me consumiu hoje...",tristeza
"Que raiva, vontade de sair correndo!",raiva
"Mano, fiquei tipo: O que tá acontecendo?!",surpresa
"Tô com um medo do cão agora!",medo
"Que bagulho esquisito e fedorento, bleh!",desgosto
"Que felicidade, uhuuuuuuu!",alegria
"Coração apertado, sei lá porquê...",tristeza
"Fiquei muito irritado com essa palhaçada!",raiva
"Não tô acreditando no que acabei de ver!",surpresa
"Deu um calafrio sinistro agora...",medo
"Que parada nojenta e fedida, que horror!",desgosto
"Que alegria que não se explica, demais!",alegria
"A tristeza tá me corroendo por dentro...",tristeza
"Que raiva, não aguento mais essa situação!",raiva
"Mano, fiquei de cara total, juro por Deus!",surpresa
"Tô cagado de medo real oficial mesmo!",medo
"Que troço bizarro e nojento, credo!",desgosto
"Que felicidade, tô nas nuvens hoje!",alegria
"A tristeza me abateu de vez, tô mal...",tristeza
"Fiquei possesso com essa palhaçada toda!",raiva
"Caraca, que plot twist inesperado e chocante!",surpresa
"Senti um arrepio na espinha agora, sinistro!",medo
"Que cheiro de coisa podre, misericórdia!",desgosto
"Sorrisão de ponta a ponta, alegria que transborda!",alegria
"Dia de fossa total, nada me anima hoje...",tristeza
"Que raiva que me deu, vontade de quebrar tudo!",raiva
"Mds, fiquei chocada real oficial, sem palavras!",surpresa
"Tô tremendo que nem vara verde de tanto medo!",medo
"Que parada sinistra e fedorenta, credo!",desgosto
"Que alegria que transborda e contagia!",alegria
"A tristeza bateu forte e doeu aqui no peito...",tristeza
"Fiquei muito bravo com essa injustiça toda!",raiva
"Nossa, fiquei de boca aberta com essa!",surpresa
"Deu um medão sinistro agora, juro!",medo
"Que gosto amargo e ruim demais, que nojo!",desgosto
"Que dia maravilhoso, tô na maior good vibes!",alegria
"A tristeza me invadiu de repente, sei lá...",tristeza
"Essa atitude me deixou puto da vida real!",raiva
"Tipo, what the actual hell is this?!",surpresa
"Quase tive um piripaque de medo agora!",medo
"Que lixo de vídeo, não gostei nada mesmo!",desgosto
"Que vibe boa demais, curti demais essa!",alegria
"Me sentindo mó depre hoje, na bad total...",tristeza
"Tô mordido de raiva aqui, viu?!",raiva
"Mano, fiquei surpreso pra caramba!",surpresa
"Medo nível hard total agora, tô tenso!",medo
"Que parada nojenta, afff, credo!",desgosto
"Que alegria contagiante, demais!",alegria
"A bad tá sinistra hoje, não tá fácil pra ninguém...",tristeza
"Que raiva que me sobe à cabeça, vontade de gritar!",raiva
"Tipo, tô bugado real oficial, não tô entendendo nada!",surpresa
"Tô tremendo que nem gelatina de medo agora!",medo
"Que troço esquisito e fedorento demais, que horror!",desgosto
"Que felicidade, aêêêêêêêê!",alegria
"A tristeza bateu forte no coração hoje...",tristeza
"Fiquei muito bravo com essa parada, que absurdo!",raiva
"Nossa, fiquei de boca aberta de verdade!",surpresa
"Deu um medão do caramba agora, juro!",medo
"Que gosto amargo e horrível demais, que agonia!",desgosto
"Que dia top demais, tô felizão da vida!",alegria
"A tristeza me invadiu sem pedir licença...",tristeza
"Essa parada me deixou puto da vida total!",raiva
"Tipo, não tô entendendo absolutamente nada disso!",surpresa
"Quase tive um ataque de pânico real agora!",medo
"Que coisa horrorosa e fedida demais, que nojo!",desgosto
"Que alegria sem tamanho e indescritível!",alegria
"A bad me pegou de jeito hoje, tô na lona...",tristeza
"Que raiva, vontade de tacar fogo em tudo!",raiva
"Mano, fiquei tipo: WHAT?! Que rolou aqui?!",surpresa
"Tô com um medo do cão agora, socorro!",medo
"Que bagulho esquisito, fedorento e nojento, credo!",desgosto
"Aí sim, alegria que não cabe em mim de tanta!",alegria
"Hoje o dia tá mó fossa, nada me anima...",tristeza
"Que raiva que me deu, vontade de dar uns socos!",raiva
"Mano, fiquei de cara total e não tô acreditando!",surpresa
"Tô com medo real oficial e não consigo me acalmar!",medo
"Que parada sinistra, nojenta e fedorenta, credo!",desgosto
"Kkkkkkkkkkkk, ri demais da conta aqui!",alegria
"Lágrimas escorrendo aqui sem parar agora...",tristeza
"Que absurdo, tô puto da vida real oficial!",raiva
"Tipo, what the actual hell is going on here?!",surpresa
"Tô morrendo de medo e não consigo respirar direito!",medo
"Que bagulho zuado, fedorento e nojento demais, credo!",desgosto
"Alegria que transborda e contagia todo mundo!",alegria
"Saudade aperta forte no peito e dói demais aqui...",tristeza
"Fiquei possesso de raiva e quero explodir agora!",raiva
"Caraca, que reviravolta inesperada e chocante!",surpresa
"Senti um arrepio sinistro percorrendo todo o corpo!",medo
"Que cheiro bizarro, podre e insuportável, credo!",desgosto
"Sorrisão estampado na cara de orelha a orelha agora!",alegria
"Dia de fossa total e nada me faz sorrir hoje...",tristeza
"Que raiva que me deu, vontade de sair correndo daqui!",raiva
"Mds, fiquei chocada real oficial e sem palavras agora!",surpresa
"Tô tremendo que nem vara verde de tanto medo agora!",medo
"Que parada sinistra, fedorenta e nojenta demais da conta!",desgosto
"Que alegria que transborda e ilumina tudo ao redor!",alegria
"A tristeza bateu forte no coração e deixou uma marca...",tristeza
"Fiquei muito bravo com essa injustiça e quero justiça!",raiva
"Nossa, fiquei de boca aberta com isso e não consigo fechar!",surpresa
"Deu um medão sinistro e gelado percorrendo a espinha!",medo
"Que gosto amargo, ruim e persistente demais na boca!",desgosto
"Que dia maravilhoso e ensolarado, tô na maior good vibe possível!",alegria
"A tristeza me invadiu de repente e sem pedir permissão...",tristeza
"Essa atitude me deixou puto da vida real oficial e muito revoltado!",raiva
"Tipo, what the actual fuck is happening right now?!",surpresa
"Quase tive um ataque de pânico real e achei que ia morrer de medo!",medo
"Que lixo de vídeo, não gostei absolutamente nada e perdi meu tempo!",desgosto
"Que vibe boa demais, curti demais e vou compartilhar!",alegria
"Me sentindo mó bosta hoje, sério mesmo, nada me anima...",tristeza
"Tô mordido de raiva nível hard master e querendo descontar!",raiva
"Mano, fiquei surpreso real oficial mesmo e não consigo acreditar!",surpresa
"Medo nível hard total e absoluto, tô quase tendo um treco!",medo
"Que parada nojenta, bizarra e fedorenta demais!",desgosto
"Que alegria que contagia todo mundo e deixa o dia mais leve!",alegria
"A bad tá sinistra demais hoje e parece que não vai passar...",tristeza
"Que raiva que me sobe à cabeça e me faz querer gritar!",raiva
"Tipo, tô bugado real oficial agora e não consigo processar!",surpresa
"Tô tremendo que nem gelatina de medo e minhas pernas bambas!",medo
"Que troço esquisito, fedorento e nojento demais, credo!",desgosto
"Que felicidade, aêêêêêêêêê, hoje o dia é nosso!",alegria
"A tristeza bateu forte no coração e deixou uma ferida...",tristeza
"Fiquei muito bravo com essa sacanagem e quero justiça!",raiva
"Nossa, fiquei de boca aberta com isso e minha mente explodiu!",surpresa
"Deu um medão do caramba e meu coração começou a disparar!",medo
"Que gosto amargo e horrível demais, preciso urgentemente de algo doce!",desgosto
"Que dia maravilhoso e ensolarado, tô na maior good vibe!",alegria
"A tristeza me invadiu de repente e sem pedir permissão...",tristeza
"Essa atitude me deixou puto da vida real oficial e revoltado!",raiva
"Tipo, what the actual fuck is happening right now?! Não entendo!",surpresa
"Quase tive um ataque de pânico real e achei que ia morrer!",medo
"Que lixo de vídeo, não gostei absolutamente nada e perdi tempo!",desgosto
"Que vibe boa demais, curti demais e vou compartilhar com todos!",alegria
"Me sentindo mó bosta hoje, sério mesmo, nada me anima...",tristeza
"Tô mordido de raiva nível hard master e querendo descontar em alguém!",raiva
"Mano, fiquei surpreso real oficial mesmo e não consigo acreditar no que vi!",surpresa
"Medo nível hard total e absoluto, tô quase tendo um treco de tanto pavor!",medo
"Que parada nojenta, bizarra e fedorenta demais, quero distância!",desgosto
"Que alegria que contagia todo mundo e deixa o dia mais leve!",alegria
"A bad tá sinistra demais hoje e parece que não vai passar tão cedo...",tristeza
"Que raiva que me sobe à cabeça e me faz querer gritar com todos!",raiva
"Tipo, tô bugado real oficial agora e não consigo processar o que rolou!",surpresa
"Tô tremendo que nem gelatina de medo e minhas pernas estão bambas!",medo
"Que troço esquisito, fedorento e nojento demais, preciso lavar meus olhos!",desgosto
"Que felicidade, aêêêêêêêêêêê, hoje o dia é nosso e vamos comemorar!",alegria
"A tristeza bateu forte no coração e deixou uma ferida que vai demorar...",tristeza
"Fiquei muito bravo com essa sacanagem e quero justiça o mais rápido possível!",raiva
"Nossa, fiquei de boca aberta com isso e minha mente explodiu de surpresa!",surpresa
"Deu um medão do caramba e meu coração começou a disparar sem parar!",medo
"Que gosto amargo e horrível demais, preciso urgentemente de algo doce!",desgosto
"Que dia maravilhoso e ensolarado, tô na maior good vibe possível e nada vai estragar!",alegria
"A tristeza me invadiu de repente e sem pedir permissão, como uma onda escura...",tristeza
"Essa atitude me deixou puto da vida real oficial e muito revoltado, quero gritar!",raiva
"Tipo, what the actual fuck is happening right now?! Não tô entendendo nada!",surpresa
"Quase tive um ataque de pânico real e achei que ia morrer de medo, meu corpo tremeu!",medo
"Que lixo de vídeo, não gostei absolutamente nada e ainda perdi um tempo precioso!",desgosto
"Que vibe boa demais, curti demais e vou compartilhar com todo mundo, merece viralizar!",alegria
"Me sentindo mó bosta hoje, sério mesmo, nada me anima e só queria ficar deitado...",tristeza
"Tô mordido de raiva nível hard master e querendo descontar em alguém, alguém se voluntaria?",raiva
"Mano, fiquei surpreso real oficial mesmo e não consigo acreditar no que vi, tô em choque!",surpresa
"Medo nível hard total e absoluto, tô quase tendo um treco de tanto pavor, alguém me segura!",medo
"Que parada nojenta, bizarra e fedorenta demais, quero distância e preciso de um banho!",desgosto
"Que alegria que contagia todo mundo e deixa o dia mais leve e feliz, obrigado pelo vídeo!",alegria
"Hahahaha, muito bom esse vídeo, ri demais!",alegria
"Que bad, tô na mó deprê hoje...",tristeza
"Putz grila, que raiva que me deu agora!",raiva
"Eita, que susto, quase que meu coração para!",medo
"Afff, que nojo, vomitei arco-íris!",desgosto
"Aí sim, alegria total, energia lá no alto!",alegria
"Hoje o dia tá pedindo uma fossa...",tristeza
"Que raiva, vontade de dar uns socos na parede!",raiva
"Uau, essa eu não esperava, fiquei de cara!",surpresa
"Ai, que medo, tô todo cagado agora!",medo
"Credo, que coisa feia e nojenta, bleargh!",desgosto
"Amei demais, tô super feliz com o resultado!",alegria
"Tô na bad master hoje, nada me anima...",tristeza
"Que raiva, vontade de mandar todo mundo...",raiva
"Mano, fiquei de boca aberta real oficial!",surpresa
"Tô com medo real oficial agora, ajuda!",medo
"Que parada bizarra e sinistra, credo!",desgosto
"Kkkkkkkkk, chorei de rir igual um idiota!",alegria
"Lágrimas escorrendo aqui, mó sofrência...",tristeza
"Que absurdo, tô revoltado nível máximo!",raiva
"Tipo, what the actual fuck?!",surpresa
"Tô morrendo de medo, tô falando sério!",medo
"Que bagulho zuado, perdi meu tempo vendo isso!",desgosto
"Alegria que não cabe em mim, tô explodindo!",alegria
"Saudade que aperta o coração, mó dor...",tristeza
"Fiquei possesso de raiva, tô vendo vermelho!",raiva
"Caraca, que plot twist doido e inesperado!",surpresa
"Senti um arrepio na espinha, que tenso!",medo
"Que cheiro estranho e ruim, dá ânsia!",desgosto
"Sorrisão de orelha a orelha, felicidade pura!",alegria
"Dia meio down, precisando de um abraço...",tristeza
"Que raiva, não aguento mais essa palhaçada!",raiva
"Mds, fiquei chocada real oficial, tô passada!",surpresa
"Tô com um cagaço do tamanho do mundo!",medo
"Que coisa fedida e nojenta, misericórdia!",desgosto
"Que felicidade, galera, tamo junto e misturado!",alegria
"Coração na mão, tô super ansioso agora...",tristeza
"Fiquei muito irritado com isso, não acredito!",raiva
"Não tô acreditando no que meus olhos viram!",surpresa
"Deu um frio na barriga, tô nervoso!",medo
"Que gosto horrível, preciso lavar a boca!",desgosto
"Que dia top, tô feliz pra caramba, uhuuu!",alegria
"A tristeza me pegou de jeito hoje, tô na lona...",tristeza
"Essa atitude me deixou puto da vida, juro!",raiva
"Tipo, what the fock is going on?!",surpresa
"Quase tive um ataque cardíaco de susto, credo!",medo
"Que lixo de vídeo, denúncia na certa!",desgosto
"Que vibe boa, adorei demais, like e favorito!",alegria
"Me sentindo mó bad vibes hoje, só queria sumir...",tristeza
"Tô mordido de raiva, alguém me segura antes que...",raiva
"Mano, fiquei surpreso nível hard, tô chocado!",surpresa
"Medo nível expert agora, tô apavorado!",medo
"Que parada nojenta e bizarra, que horror!",desgosto
"Que alegria que contagia a todos, energia positiva!",alegria
"A bad tá sinistra hoje, preciso de um ombro amigo...",tristeza
"Que raiva que me sobe à cabeça, vontade de gritar!",raiva
"Tipo, tô bugado real oficial, não tô entendendo nada!",surpresa
"Tô tremendo que nem gelatina de medo, socorro!",medo
"Que troço esquisito e fedorento, afff, que agonia!",desgosto
"Que felicidade, aêêêêêêêê, hoje é nosso!",alegria
"A tristeza bateu forte no coração, tô sofrendo...",tristeza
"Fiquei muito bravo com essa injustiça, revoltado!",raiva
"Nossa, fiquei de queixo caído, tô besta!",surpresa
"Deu um medinho agora, confesso, tô tenso...",medo
"Que gosto amargo e ruim demais, que agonia!",desgosto
"Que dia maravilhoso, tô na good total, vibe positiva!",alegria
"A tristeza me pegou desprevenido, tô mal...",tristeza
"Essa parada me deixou puto da vida real, juro!",raiva
"Tipo, não tô entendendo absolutamente nada disso!",surpresa
"Quase tive um piripaque de medo, meu Deus!",medo
"Que coisa horrorosa, credo em cruz, que agonia!",desgosto
"Que alegria sem limites, tô radiante!",alegria
"A bad me consumiu hoje, tô na lona total...",tristeza
"Que raiva, vontade de sair correndo e gritar!",raiva
"Mano, fiquei tipo: WHAT?! Que rolou aqui?! Explica!",surpresa
"Tô com um medo do cão, não consigo me acalmar!",medo
"Que bagulho esquisito e fedorento, bleh, que horror!",desgosto
"Que felicidade, uhuuuuuuu, energia lá no alto!",alegria
"Coração apertado, sei lá o que tá acontecendo...",tristeza
"Fiquei muito irritado com essa palhaçada toda!",raiva
"Não tô acreditando no que acabei de ver, chocante!",surpresa
"Deu um calafrio sinistro agora, tô gelado!",medo
"Que parada nojenta e fedida, que agonia!",desgosto
"Que alegria que não se explica, tô muito feliz!",alegria
"A tristeza tá me corroendo por dentro, tô sofrendo...",tristeza
"Que raiva, não aguento mais essa situação, juro!",raiva
"Mano, fiquei de cara total, tô besta!",surpresa
"Tô cagado de medo real oficial mesmo, ajuda!",medo
"Que troço bizarro e nojento, credo, que agonia!",desgosto
"Que felicidade, tô nas nuvens, que dia!",alegria
"A tristeza me abateu de vez, tô na pior...",tristeza
"Fiquei possesso com essa palhaçada toda, revoltado!",raiva
"Caraca, que plot twist inesperado e chocante!",surpresa
"Senti um arrepio na espinha agora, que tenso!",medo
"Que cheiro de coisa podre, misericórdia, que nojo!",desgosto
"Sorrisão de ponta a ponta, alegria que transborda!",alegria
"Dia de fossa total, nada me anima hoje, aff...",tristeza
"Que raiva que me deu, vontade de quebrar tudo!",raiva
"Mds, fiquei chocada real oficial, sem palavras!",surpresa
"Tô tremendo que nem vara verde de tanto medo!",medo
"Que parada sinistra e fedorenta, credo, que horror!",desgosto
"Que alegria que transborda e contagia a todos!",alegria
"A tristeza bateu forte no coração, tô sofrendo muito...",tristeza
"Fiquei muito bravo com essa injustiça toda, revoltado!",raiva
"Nossa, fiquei de boca aberta com essa, tô besta!",surpresa
"Deu um medão sinistro agora, juro, tô gelado!",medo
"Que gosto amargo e ruim demais, que agonia!",desgosto
"Que dia maravilhoso, tô na maior good vibes, demais!",alegria
"A tristeza me invadiu de repente, tô na bad...",tristeza
"Essa atitude me deixou puto da vida real, revoltado!",raiva
"Tipo, what the actual hell is this?! Não tô entendendo!",surpresa
"Quase tive um piripaque de medo agora, que susto!",medo
"Que lixo de vídeo, não gostei nada mesmo, denúncia!",desgosto
"Que vibe boa demais, curti demais essa, like!",alegria
"Me sentindo mó depre hoje, na bad total, aff...",tristeza
"Tô mordido de raiva aqui, viu?! Alguém me segura!",raiva
"Mano, fiquei surpreso pra caramba, tô chocado!",surpresa
"Medo nível hard total agora, tô apavorado!",medo
"Que parada nojenta e bizarra, que horror!",desgosto
"Que alegria que contagia a todos, energia positiva!",alegria
"A bad tá sinistra hoje, preciso de um abraço urgente...",tristeza
"Que raiva que me sobe à cabeça, vontade de gritar!",raiva
"Tipo, tô bugado real oficial, não tô entendendo nada!",surpresa
"Tô tremendo que nem gelatina de medo, socorro!",medo
"Que troço esquisito e fedorento, afff, que agonia!",desgosto
"Que felicidade, aêêêêêêêê, hoje é nosso!",alegria
"A tristeza bateu forte no coração, tô sofrendo...",tristeza
"Fiquei muito bravo com essa injustiça, revoltado!",raiva
"Nossa, fiquei de queixo caído, tô besta!",surpresa
"Deu um medinho agora, confesso, tô tenso...",medo
"Que gosto amargo e ruim demais, que agonia!",desgosto
"Que dia maravilhoso, tô na good total, vibe positiva!",alegria
"A tristeza me pegou desprevenido, tô mal...",tristeza
"Essa parada me deixou puto da vida real, juro!",raiva
"Tipo, não tô entendendo absolutamente nada disso!",surpresa
"Quase tive um piripaque de medo, meu Deus!",medo
"Que coisa horrorosa, credo em cruz, que agonia!",desgosto
"Que alegria sem limites, tô radiante!",alegria
"A bad me consumiu hoje, tô na lona total...",tristeza
"Que raiva, vontade de sair correndo e gritar!",raiva
"Mano, fiquei tipo: WHAT?! Que rolou aqui?! Explica!",surpresa
"Tô com um medo do cão, não consigo me acalmar!",medo
"Que bagulho esquisito e fedorento, bleh, que horror!",desgosto
"Que felicidade, uhuuuuuuu, energia lá no alto!",alegria
"Coração apertado, sei lá o que tá acontecendo...",tristeza
"Fiquei muito irritado com essa palhaçada toda!",raiva
"Não tô acreditando no que acabei de ver, chocante!",surpresa
"Deu um calafrio sinistro agora, tô gelado!",medo
"Que parada nojenta e fedida, que agonia!",desgosto
"Que alegria que não se explica, tô muito feliz!",alegria
"A tristeza tá me corroendo por dentro, tô sofrendo...",tristeza
"Que raiva, não aguento mais essa situação, juro!",raiva
"Mano, fiquei de cara total, tô besta!",surpresa
"Tô cagado de medo real oficial mesmo, ajuda!",medo
"Que troço bizarro e nojento, credo, que agonia!",desgosto
"Que felicidade, tô nas nuvens, que dia!",alegria
"A tristeza me abateu de vez, tô na pior...",tristeza
"Fiquei possesso com essa palhaçada toda, revoltado!",raiva
"Caraca, que plot twist inesperado e chocante!",surpresa
"Senti um arrepio na espinha agora, que tenso!",medo
"Que cheiro de coisa podre, misericórdia, que nojo!",desgosto
"Sorrisão de ponta a ponta, alegria que transborda!",alegria
"Dia de fossa total, nada me anima hoje, aff...",tristeza
"Que raiva que me deu, vontade de quebrar tudo!",raiva
"Mds, fiquei chocada real oficial, sem palavras!",surpresa
"Tô tremendo que nem vara verde de tanto medo!",medo
"Que parada sinistra e fedorenta, credo, que horror!",desgosto
"Que alegria que transborda e contagia a todos!",alegria
"A tristeza bateu forte no coração, tô sofrendo muito...",tristeza
"Fiquei muito bravo com essa injustiça toda, revoltado!",raiva
"Nossa, fiquei de boca aberta com essa, tô besta!",surpresa
"Deu um medão sinistro agora, juro, tô gelado!",medo
"Que gosto amargo e ruim demais, que agonia!",desgosto
"Que dia maravilhoso, tô na maior good vibes, demais!",alegria
"A tristeza me invadiu de repente, tô na bad...",tristeza
"Essa atitude me deixou puto da vida real, revoltado!",raiva
"Tipo, what the actual hell is this?! Não tô entendendo!",surpresa
"Quase tive um piripaque de medo agora, que susto!",medo
"Que lixo de vídeo, não gostei absolutamente nada, denúncia!",desgosto
"Que vibe boa demais, curti demais essa, like!",alegria
"Me sentindo mó depre hoje, na bad total, aff...",tristeza
"Tô mordido de raiva aqui, viu?! Alguém me segura!",raiva
"Mano, fiquei surpreso pra caramba, tô chocado!",surpresa
"Medo nível expert agora, tô apavorado!",medo
"Que parada nojenta e bizarra, que horror!",desgosto
"Que alegria que contagia a todos, energia positiva!",alegria
"A bad tá sinistra hoje, preciso de um abraço urgente...",tristeza
"Que raiva que me sobe à cabeça, vontade de gritar!",raiva
"Tipo, tô bugado real oficial, não tô entendendo nada!",surpresa
"Tô tremendo que nem gelatina de medo, socorro!",medo
"Que troço esquisito e fedorento, afff, que agonia!",desgosto
"Que felicidade, aêêêêêêêê, hoje é nosso!",alegria
"A tristeza bateu forte no coração, tô sofrendo...",tristeza
"Fiquei muito bravo com essa injustiça, revoltado!",raiva
"Nossa, fiquei de queixo caído, tô besta!",surpresa
"Deu um medinho agora, confesso, tô tenso...",medo
"Que gosto amargo e ruim demais, que agonia!",desgosto
"Que dia maravilhoso, tô na good total, vibe positiva!",alegria
"A tristeza me pegou desprevenido, tô mal...",tristeza
"Essa parada me deixou puto da vida real, juro!",raiva
"Tipo, não tô entendendo absolutamente nada disso!",surpresa
"Quase tive um piripaque de medo, meu Deus!",medo
"Que coisa horrorosa, credo em cruz, que agonia!",desgosto
"Que alegria sem limites, tô radiante!",alegria
"A bad me consumiu hoje, tô na lona total...",tristeza
"Que raiva, vontade de sair correndo e gritar!",raiva
"Mano, fiquei tipo: WHAT?! Que rolou aqui?! Explica!",surpresa
"Tô com um medo do cão, não consigo me acalmar!",medo
"Que bagulho esquisito e fedorento, bleh, que horror!",desgosto
"Que felicidade, uhuuuuuuu, energia lá no alto!",alegria
"Coração apertado, sei lá o que tá acontecendo...",tristeza
"Fiquei muito irritado com essa palhaçada toda!",raiva
"Não tô acreditando no que acabei de ver, chocante!",surpresa
"Deu um calafrio sinistro agora, tô gelado!",medo
"Que parada nojenta e fedida, que agonia!",desgosto
"Que alegria que não se explica, tô muito feliz!",alegria
"A tristeza tá me corroendo por dentro, tô sofrendo...",tristeza
"Que raiva, não aguento mais essa situação, juro!",raiva
"Mano, fiquei de cara total, tô besta!",surpresa
"Tô cagado de medo real oficial mesmo, ajuda!",medo
"Que troço bizarro e nojento, credo, que agonia!",desgosto
"Que felicidade, tô nas nuvens, que dia!",alegria
"A tristeza me abateu de vez, tô na pior...",tristeza
"Fiquei possesso com essa palhaçada toda, revoltado!",raiva
"Caraca, que plot twist inesperado e chocante!",surpresa
"Senti um arrepio na espinha agora, que tenso!",medo
"Que cheiro de coisa podre, misericórdia, que nojo!",desgosto
"Sorrisão de ponta a ponta, alegria que transborda!",alegria
"Dia de fossa total, nada me anima hoje, aff...",tristeza
"Que raiva que me deu, vontade de quebrar tudo!",raiva
"Hahahaha, muito bom esse vídeo, dei like!",alegria
"Que bad, tô na mó deprê, alguém me anima?",tristeza
"Putz grila, que raiva que me deu, tô puto!",raiva
"Eita, que susto, quase que eu grito aqui!",medo
"Afff, que nojo, passei mal real!",desgosto
"Aí sim, alegria total, energia positiva!",alegria
"Hoje o dia tá pedindo um balde de lágrimas...",tristeza
"Que raiva, vontade de sair correndo!",raiva
"Uau, essa eu não esperava, fiquei besta!",surpresa
"Ai, que medo, tô todo arrepiado, credo!",medo
"Credo, que coisa feia e nojenta, vomitei!",desgosto
"Amei demais, tô super feliz, valeu!",alegria
"Tô na bad master hoje, só queria dormir...",tristeza
"Que raiva, vontade de xingar todo mundo!",raiva
"Mano, fiquei de boca aberta real oficial, choquei!",surpresa
"Tô com medo real oficial agora, tô tremendo!",medo
"Que parada bizarra e sinistra, tô assustado!",desgosto
"Kkkkkkkkk, chorei de rir, melhor vídeo!",alegria
"Lágrimas escorrendo aqui, coração na mão...",tristeza
"Que absurdo, tô revoltado nível hard, não aceito!",raiva
"Tipo, what the actual hell is this?!",surpresa
"Tô morrendo de medo, tô falando sério, ajuda!",medo
"Que bagulho zuado, dislike total!",desgosto
"Alegria que não se contém, tô pulando!",alegria
"Saudade que aperta o peito, mó saudade...",tristeza
"Fiquei possesso de raiva, tô vendo vermelho!",raiva
"Caraca, que plot twist doido, não acredito!",surpresa
"Senti um arrepio na espinha, tô gelado!",medo
"Que cheiro estranho e ruim, tô passando mal!",desgosto
"Sorrisão de orelha a orelha, felicidade total!",alegria
"Dia meio meh, precisando de um café...",tristeza
"Que raiva, não aguento essa palhaçada, sério!",raiva
"Mds, fiquei chocada real oficial, tô sem reação!",surpresa
"Tô com um cagaço master, tô branco!",medo
"Que coisa fedida e nojenta, que horror!",desgosto
"Que felicidade, galera, tamo junto, energia!",alegria
"Coração na mão, tô super ansioso, ai meu Deus...",tristeza
"Fiquei muito irritado com isso, que raiva!",raiva
"Não tô acreditando no que aconteceu, tô chocado!",surpresa
"Deu um frio na barriga, tô nervoso demais!",medo
"Que gosto horrível, preciso de água urgente!",desgosto
"Que dia top, tô feliz pra caramba, valeu!",alegria
"A tristeza me invadiu de repente, tô na bad...",tristeza
"Essa atitude me deixou puto da vida, juro!",raiva
"Tipo, what the fock is going on here?!",surpresa
"Quase tive um ataque cardíaco de susto, Jesus!",medo
"Que lixo de vídeo, perdi meu tempo, aff!",desgosto
"Que vibe boa, adorei demais, like garantido!",alegria
"Me sentindo mó bad vibes hoje, só queria paz...",tristeza
"Tô mordido de raiva, alguém me acalma!",raiva
"Mano, fiquei surpreso nível hard, tô besta!",surpresa
"Medo nível expert agora, tô apavorado real!",medo
"Que parada nojenta e bizarra, credo!",desgosto
"Que alegria que contagia a todos, energia boa!",alegria
"A bad tá sinistra hoje, preciso de um abraço...",tristeza
"Que raiva que me sobe à cabeça, tô puto!",raiva
"Tipo, tô bugado real oficial, não entendi nada!",surpresa
"Tô tremendo que nem gelatina de medo, socorro!",medo
"Que troço esquisito e fedorento, afff, que agonia!",desgosto
"Que felicidade, aêêêêêêêê, hoje é nosso dia!",alegria
"A tristeza bateu forte no coração, tô sofrendo aqui...",tristeza
"Fiquei muito bravo com essa injustiça, revoltado demais!",raiva
"Nossa, fiquei de queixo caído, tô bestaço!",surpresa
"Deu um medinho agora, confesso, tô tenso...",medo
"Que gosto amargo e ruim demais, que agonia!",desgosto
"Que dia maravilhoso, tô na good total, vibe lá em cima!",alegria
"A tristeza me pegou desprevenido, tô mal mesmo...",tristeza
"Essa parada me deixou puto da vida real, juro!",raiva
"Tipo, não tô entendendo absolutamente nada disso!",surpresa
"Quase tive um piripaque de medo, meu Deus do céu!",medo
"Que coisa horrorosa, credo em cruz, que agonia!",desgosto
"Que alegria sem limites, tô radiante de felicidade!",alegria
"A bad me consumiu hoje, tô na lona total, aff...",tristeza
"Que raiva, vontade de sair correndo e gritar!",raiva
"Mano, fiquei tipo: WHAT?! Que rolou aqui?! Explica aí!",surpresa
"Tô com um medo do cão, não consigo me acalmar!",medo
"Que bagulho esquisito e fedorento, bleh, que horror!",desgosto
"Que felicidade, uhuuuuuuu, energia total, valeu!",alegria
"Coração apertado, sei lá o que tá acontecendo comigo...",tristeza
"Fiquei muito irritado com essa palhaçada toda, sério!",raiva
"Não tô acreditando no que acabei de ver, chocante demais!",surpresa
"Deu um calafrio sinistro agora, tô gelado, credo!",medo
"Que parada nojenta e fedida, que agonia, aff!",desgosto
"Que alegria que não se explica, tô muito feliz mesmo!",alegria
"A tristeza tá me corroendo por dentro, tô sofrendo tanto...",tristeza
"Que raiva, não aguento mais essa situação, juro por Deus!",raiva
"Mano, fiquei de cara total, tô bestaço, juro!",surpresa
"Tô cagado de medo real oficial mesmo, alguém me ajuda!",medo
"Que troço bizarro e nojento, credo, que agonia, vomitei!",desgosto
"Que felicidade, tô nas nuvens, que dia incrível!",alegria
"A tristeza me abateu de vez, tô na pior, sem chão...",tristeza
"Fiquei possesso com essa palhaçada toda, revoltado nível hard!",raiva
"Caraca, que plot twist inesperado e chocante, tô chocado!",surpresa
"Senti um arrepio na espinha agora, que tenso, tô gelado!",medo
"Que cheiro de coisa podre, misericórdia, que nojo!",desgosto
"Sorrisão de ponta a ponta, alegria que transborda, demais!",alegria
"Dia de fossa total, nada me anima hoje, tô na bad...",tristeza
"Que raiva que me deu, vontade de quebrar tudo, tô puto!",raiva
"Mds, fiquei chocada real oficial, sem palavras, tô passada!",surpresa
"Tô tremendo que nem vara verde de tanto medo, socorro!",medo
"Que parada sinistra e fedorenta, credo, que horror, aff!",desgosto
"Que alegria que transborda e contagia a todos, valeu!",alegria
"A tristeza bateu forte no coração, tô sofrendo muito aqui...",tristeza
"Fiquei muito bravo com essa injustiça toda, revoltado nível máximo!",raiva
"Nossa, fiquei de boca aberta com essa, tô bestaço real!",surpresa
"Deu um medão sinistro agora, juro, tô gelado e tremendo!",medo
"Que gosto amargo e ruim demais, que agonia, preciso de água!",desgosto
"Que dia maravilhoso, tô na maior good vibes, energia lá em cima!",alegria
"A tristeza me invadiu de repente, tô na bad total, aff...",tristeza
"Essa atitude me deixou puto da vida real, revoltado demais!",raiva
"Tipo, what the actual hell is this?! Não tô entendendo nada!",surpresa
"Quase tive um piripaque de medo agora, meu Deus do céu, socorro!",medo
"Que lixo de vídeo, não gostei absolutamente nada, denúncia total!",desgosto
"Que vibe boa demais, curti demais essa, like e compartilhado!",alegria
"Me sentindo mó bad vibes hoje, só queria sumir e esquecer tudo...",tristeza
"Tô mordido de raiva, alguém me acalma antes que eu faça besteira!",raiva
"Mano, fiquei surpreso nível hard, tô bestaço real oficial!",surpresa
"Medo nível expert agora, tô apavorado real oficial, ajuda!",medo
"Que parada nojenta e bizarra, que horror, vomitei de novo!",desgosto
"Que alegria que contagia a todos, energia positiva que irradia!",alegria
"A bad tá sinistra hoje, preciso de um ombro amigo urgente, tô mal...",tristeza
"Que raiva que me sobe à cabeça, tô puto da vida real, vontade de gritar!",raiva
"Tipo, tô bugado real oficial, não tô entendendo absolutamente nada!",surpresa
"Tô tremendo que nem gelatina de medo, socorro, tô apavorado!",medo
"Que troço esquisito e fedorento, afff, que agonia, tô passando mal!",desgosto
"Que felicidade, aêêêêêêêê, hoje é nosso dia, vamos comemorar!",alegria
"A tristeza bateu forte no coração, tô sofrendo muito aqui, preciso de ajuda...",tristeza
"Fiquei muito bravo com essa injustiça, revoltado nível hard total, quero justiça!",raiva
"Nossa, fiquei de queixo caído, tô bestaço real oficial, tô chocado!",surpresa
"Deu um medão sinistro agora, juro, tô gelado e tremendo igual vara verde!",medo
"Que gosto amargo e ruim demais, que agonia, preciso de água e um doce!",desgosto
"Que dia maravilhoso, tô na maior good vibes, energia lá em cima, valeu pelo vídeo!",alegria
"A tristeza me invadiu de repente, tô na bad total, só queria ficar deitado...",tristeza
"Essa atitude me deixou puto da vida real, revoltado demais, vontade de explodir!",raiva
"Tipo, what the actual hell is this?! Não tô entendendo absolutamente nada do que tá rolando!",surpresa
"Quase tive um piripaque de medo agora, meu Deus do céu, socorro, tô apavorado real oficial!",medo
"Que lixo de vídeo, não gostei absolutamente nada, denúncia total e dislike também!",desgosto
"Que vibe boa demais, curti demais essa, like, favorito e compartilhado com todo mundo!",alegria
"Me sentindo mó bad vibes hoje, só queria sumir e esquecer tudo, alguém me entende?",tristeza
"Tô mordido de raiva, alguém me acalma antes que eu faça uma besteira daquelas, tô no limite!",raiva
"Mano, fiquei surpreso nível hard, tô bestaço real oficial, minha mente bugou completamente!",surpresa
"Medo nível expert agora, tô apavorado real oficial, alguém me segura pelo amor de Deus, tô tremendo!",medo
"Que parada nojenta e bizarra, que horror, vomitei de novo, preciso urgentemente de um banho!",desgosto
"Que alegria que contagia a todos, energia positiva que irradia, valeu demais pelo vídeo, me alegrou o dia!",alegria
"A bad tá sinistra hoje, preciso de um ombro amigo urgente, tô mal demais e só queria um abraço apertado...",tristeza
"Que raiva que me sobe à cabeça, tô puto da vida real, vontade de gritar com todo mundo, alguém tem um calmante?",raiva
"Tipo, tô bugado real oficial, não tô entendendo absolutamente nada do que tá acontecendo, minha cabeça deu um nó!",surpresa
"Tô tremendo que nem gelatina de medo, socorro, tô apavorado real oficial e minhas pernas estão bambas demais!",medo
"Que troço esquisito e fedorento, afff, que agonia, tô passando mal real oficial, preciso urgentemente de ar puro!",desgosto
"Que felicidade, aêêêêêêêê, hoje é nosso dia, vamos comemorar com pizza, refri e muita alegria, valeu pelo vídeo!",alegria
"A tristeza bateu forte no coração, tô sofrendo muito aqui, preciso de ajuda urgente, alguém me dá um conselho?",tristeza
"Fiquei muito bravo com essa injustiça, revoltado nível hard total, quero justiça o mais rápido possível, vou denunciar!",raiva
"Nossa, fiquei de queixo caído, tô bestaço real oficial, minha mente bugou completamente, preciso de um tempo pra assimilar!",surpresa
"Deu um medão sinistro agora, juro, tô gelado e tremendo igual vara verde, meu coração tá disparado, acho que vou ter um treco!",medo
"Que gosto amargo e ruim demais, que agonia, preciso urgentemente de água e um doce pra tirar essa amargura da boca, credo!",desgosto
"Que dia maravilhoso, tô na maior good vibes, energia lá em cima, valeu demais pelo vídeo, me alegrou o dia e vou compartilhar com todos!",alegria
"A tristeza me invadiu de repente, tô na bad total, só queria ficar deitado na cama vendo série e comendo chocolate, alguém mais se sente assim?",tristeza
"Essa atitude me deixou puto da vida real, revoltado demais, vontade de explodir e sair gritando pela rua, alguém me segura antes que eu faça uma besteira!",raiva
"Tipo, what the actual hell is happening right now?! Não tô entendendo absolutamente nada do que tá rolando, alguém me explica o que tá acontecendo, tô perdido!",surpresa
"Quase tive um ataque de pânico real e achei que ia morrer de medo, meu corpo todo começou a tremer e fiquei sem ar, alguém me ajuda, tô desesperado!",medo
"Que lixo de vídeo, não gostei absolutamente nada, denúncia total e dislike também, perdi meu tempo precioso assistindo essa porcaria, aff!",desgosto
"Que vibe boa demais, curti demais essa, like, favorito e compartilhado com todo mundo, esse vídeo merece viralizar e chegar aos trending topics, valeu demais!",alegria
"Me sentindo mó bad vibes hoje, só queria sumir e esquecer tudo, alguém me entende e pode me dar um conselho? Tô precisando muito...",tristeza
"Tô mordido de raiva, alguém me acalma antes que eu faça uma besteira daquelas, tô no limite da paciência, preciso de um calmante urgente!",raiva
"Mano, fiquei surpreso nível hard, tô bestaço real oficial, minha mente bugou completamente, preciso de um tempo pra processar tudo isso, chocante!",surpresa
"Medo nível expert agora, tô apavorado real oficial, alguém me segura pelo amor de Deus, tô tremendo que nem gelatina e minhas pernas estão bambas demais!",medo
"Que parada nojenta e bizarra, que horror, vomitei de novo, preciso urgentemente de um banho e de esquecer que vi essa aberração!",desgosto
"Que alegria que contagia a todos, energia positiva que irradia, valeu demais pelo vídeo, me alegrou o dia e vou compartilhar com todos os meus amigos!",alegria
"A bad tá sinistra hoje, preciso de um ombro amigo urgente, tô mal demais e só queria um abraço apertado e um pouco de carinho, alguém se oferece?",tristeza
"Que raiva que me sobe à cabeça, tô puto da vida real, vontade de gritar com todo mundo, alguém tem um calmante extra pra me dar, tô no meu limite!",raiva
"Tipo, tô bugado real oficial, não tô entendendo absolutamente nada do que tá acontecendo, minha cabeça deu um nó, alguém pode me explicar o que rolou?",surpresa
"Tô tremendo que nem gelatina de medo, socorro, tô apavorado real oficial e minhas pernas estão bambas demais, preciso urgentemente de um lugar pra sentar e respirar fundo!",medo
"Que troço esquisito e fedorento, afff, que agonia, tô passando mal real oficial, preciso urgentemente de ar puro e de esquecer que meus olhos viram essa bizarrice!",desgosto
"Que felicidade, aêêêêêêêê, hoje é nosso dia, vamos comemorar com pizza, refri e muita alegria, valeu demais pelo vídeo, me fez sorrir de verdade!",alegria
"A tristeza bateu forte no coração, tô sofrendo muito aqui, preciso de ajuda urgente, alguém me dá um conselho ou uma palavra de conforto? Tô precisando muito...",tristeza
"isso me fez lembrar de coisa ruim, poxa",tristeza
"cara, isso me tirou do sério",raiva
"q plot twist foi esse mds",surpresa
"n consigo dormir depois disso kkkkk",medo
"aff q fofuraaaa",alegria
"manoo esse vídeo tá mt top kkkkk",alegria
"mano, fiquei passadaaa",surpresa
"n consigo dormir depois disso kkkkk",medo
"n consigo dormir depois disso kkkkk",medo
"ué?? como assim kkkk",surpresa
"OXEEE KKK n esperava por essa",surpresa
"cara, isso me tirou do sério",raiva
"que lixo, sério msm",raiva
"inacreditável q ainda tem gente q pensa assim",raiva
"tô na merda depois desse vídeo",tristeza
"n tô bem depois disso :(",tristeza
"não dá, q ódioooo",raiva
"me deu gastura vê isso",desgosto
"q raiva desse negócio aff",raiva
"caraca... triste demais",tristeza